query_gene	ref_gene	class_code	status	identity	query_length	ref_length	length_diff	length_ratio
Pf7G8-2_000029100	PF3D7_API04100	e	compared	46.82203389830508	466	227	239.0	0.4871244635193133
Pf7G8-2_000034400	PF3D7_API04600	p	compared	10.38135593220339	470	51	419.0	0.10851063829787234
Pf7G8-2_000034400	PF3D7_API04500	p	compared	17.008196721311474	470	101	369.0	0.2148936170212766
Pf7G8-2_000029200	PF3D7_API04000	o	query_missing		0	121		
Pf7G8-2_000029500	PF3D7_API03500	o	compared	15.782664941785251	766	129	637.0	0.16840731070496084
Pf7G8-2_000030500	PF3D7_API02500	o	compared	20.952380952380953	91	36	55.0	0.3956043956043956
Pf7G8-2_000030600	PF3D7_API02200	o	compared	31.290322580645164	239	168	71.0	0.702928870292887
Pf7G8-2_000030800	PF3D7_API01900	o	compared	30.612244897959183	118	74	44.0	0.6271186440677966
Pf7G8-2_000031200	PF3D7_API01400	o	compared	23.552123552123554	245	75	170.0	0.30612244897959184
Pf7G8-2_000032000	PF3D7_API00100	e	query_missing		0	208		
Pf7G8-2_000035700:pseudogene	PF3D7_0401300	k	query_missing		0	366		
Pf7G8-2_000038000	PF3D7_0103900	k	compared	100.0	577	577	0.0	1.0
Pf7G8-2_000038500	PF3D7_0104400	k	compared	100.0	535	535	0.0	1.0
Pf7G8-2_000039000	PF3D7_0105100	k	compared	100.0	143	143	0.0	1.0
Pf7G8-2_000039600	PF3D7_0105700	k	compared	100.0	3064	3064	0.0	1.0
Pf7G8-2_000039800	PF3D7_0105900	k	compared	100.0	448	448	0.0	1.0
Pf7G8-2_000041300	PF3D7_0107400	k	compared	100.0	153	153	0.0	1.0
Pf7G8-2_000042100	PF3D7_0108300	k	compared	100.0	2226	2226	0.0	1.0
Pf7G8-2_000042300	PF3D7_0108500	k	compared	100.0	179	179	0.0	1.0
Pf7G8-2_000042700	PF3D7_0109000	k	compared	100.0	224	224	0.0	1.0
Pf7G8-2_000043800	PF3D7_0110000	k	compared	100.0	234	234	0.0	1.0
Pf7G8-2_000044000	PF3D7_0110200	k	compared	100.0	143	143	0.0	1.0
Pf7G8-2_000045100	PF3D7_0111400	k	compared	100.0	719	719	0.0	1.0
Pf7G8-2_000045900	PF3D7_0112200	k	compared	100.0	1822	1822	0.0	1.0
Pf7G8-2_000047700	PF3D7_0114000	k	compared	19.34156378600823	282	1458	1176.0	0.1934156378600823
Pf7G8-2_000035900	PF3D7_0324800	j	compared	100.0	364	364	0.0	1.0
Pf7G8-2_000036000	PF3D7_1149800	j	compared	100.0	292	292	0.0	1.0
Pf7G8-2_000037000	PF3D7_0102900	k	compared	100.0	626	626	0.0	1.0
Pf7G8-2_000038300	PF3D7_0104200	k	compared	100.0	464	464	0.0	1.0
Pf7G8-2_000038600	PF3D7_0104500	k	compared	100.0	277	277	0.0	1.0
Pf7G8-2_000040000	PF3D7_0106100	k	compared	100.0	383	383	0.0	1.0
Pf7G8-2_000042900	PF3D7_0109200	k	compared	100.0	232	232	0.0	1.0
Pf7G8-2_000044500	PF3D7_0110700	k	compared	100.0	446	446	0.0	1.0
Pf7G8-2_000044700	PF3D7_0110900	k	compared	100.0	186	186	0.0	1.0
Pf7G8-2_000045000	PF3D7_0111300	k	compared	100.0	1168	1168	0.0	1.0
Pf7G8-2_000045300	PF3D7_0111600	k	compared	100.0	248	248	0.0	1.0
Pf7G8-2_000045400	PF3D7_0111700	k	compared	100.0	117	117	0.0	1.0
-	PF3D7_0114750	u	query_missing		0	58		
Pf7G8-2_000183500	PF3D7_0632200	k	compared	84.5945945945946	313	370	57.0	0.845945945945946
Pf7G8-2_000050600	PF3D7_0202400	k	compared	100.0	1223	1223	0.0	1.0
Pf7G8-2_000050700	PF3D7_0202500	k	compared	100.0	106	106	0.0	1.0
Pf7G8-2_000050900	PF3D7_0202700	k	compared	100.0	538	538	0.0	1.0
Pf7G8-2_000053600	PF3D7_0205400	k	compared	100.0	457	457	0.0	1.0
Pf7G8-2_000053800	PF3D7_0205600	k	compared	100.0	635	635	0.0	1.0
Pf7G8-2_000054400	PF3D7_0206200	k	compared	100.0	565	565	0.0	1.0
Pf7G8-2_000054700	PF3D7_0206700	k	compared	100.0	471	471	0.0	1.0
Pf7G8-2_000056800	PF3D7_0208800	k	compared	100.0	235	235	0.0	1.0
Pf7G8-2_000057900	PF3D7_0210000	k	compared	100.0	81	81	0.0	1.0
Pf7G8-2_000060600	PF3D7_0212800	k	compared	100.0	1198	1198	0.0	1.0
Pf7G8-2_000060800	PF3D7_0213000	k	compared	100.0	166	166	0.0	1.0
Pf7G8-2_000061200	PF3D7_0213400	j	compared	92.17391304347827	320	343	23.0	0.9329446064139941
Pf7G8-2_000062300	PF3D7_0214500	k	compared	100.0	306	306	0.0	1.0
Pf7G8-2_000063000	PF3D7_0215200	k	compared	100.0	244	244	0.0	1.0
Pf7G8-2_000063300	PF3D7_0215500	k	compared	100.0	756	756	0.0	1.0
Pf7G8-2_000064400	PF3D7_0216600	k	compared	100.0	691	691	0.0	1.0
Pf7G8-2_000064900	PF3D7_0217100	k	compared	100.0	551	551	0.0	1.0
Pf7G8-2_000065600	PF3D7_0217800	k	compared	100.0	107	107	0.0	1.0
Pf7G8-2_000065800	PF3D7_0218000	k	compared	100.0	330	330	0.0	1.0
Pf7G8-2_000066600	PF3D7_0219100	k	compared	100.0	426	426	0.0	1.0
Pf7G8-2_000049100:pseudogene	PF3D7_0425900	k	query_missing		0	327		
Pf7G8-2_000049200	PF3D7_0201000	j	compared	100.0	294	294	0.0	1.0
Pf7G8-2_000050000	PF3D7_0201800	k	compared	100.0	16	16	0.0	1.0
Pf7G8-2_000052900	PF3D7_0204700	k	compared	100.0	504	504	0.0	1.0
Pf7G8-2_000053000	PF3D7_0204800	k	compared	100.0	416	416	0.0	1.0
Pf7G8-2_000054800	PF3D7_0206800	k	compared	100.0	276	276	0.0	1.0
Pf7G8-2_000055200	PF3D7_0207200	k	compared	100.0	160	160	0.0	1.0
Pf7G8-2_000056200	PF3D7_0208200	k	compared	100.0	300	300	0.0	1.0
Pf7G8-2_000057700	PF3D7_0209700	k	compared	100.0	578	578	0.0	1.0
Pf7G8-2_000058700	PF3D7_0210800	k	compared	100.0	415	415	0.0	1.0
Pf7G8-2_000058800	PF3D7_0210900	k	compared	100.0	284	284	0.0	1.0
Pf7G8-2_000059000	PF3D7_0211200	k	compared	100.0	235	235	0.0	1.0
Pf7G8-2_000061400:pseudogene	PF3D7_0213600	j	query_missing		0	100		
Pf7G8-2_000062800	PF3D7_0215000	k	compared	100.0	885	885	0.0	1.0
Pf7G8-2_000063100	PF3D7_0215300	k	compared	100.0	888	888	0.0	1.0
Pf7G8-2_000063400	PF3D7_0215600	k	compared	100.0	415	415	0.0	1.0
Pf7G8-2_000065700	PF3D7_0217900	k	compared	100.0	519	519	0.0	1.0
Pf7G8-2_000066000	PF3D7_0218200	k	compared	100.0	804	804	0.0	1.0
Pf7G8-2_000066800	PF3D7_0219300	k	compared	100.0	139	139	0.0	1.0
Pf7G8-2_000071700	PF3D7_0302100	k	compared	100.0	1338	1338	0.0	1.0
Pf7G8-2_000072700:pseudogene	PF3D7_0303200	j	query_missing		0	1178		
Pf7G8-2_000073100	PF3D7_0303600	k	compared	100.0	179	179	0.0	1.0
Pf7G8-2_000073300	PF3D7_0303800	k	compared	100.0	593	593	0.0	1.0
Pf7G8-2_000073600	PF3D7_0304100	k	compared	100.0	525	525	0.0	1.0
Pf7G8-2_000074700	PF3D7_0305200	k	compared	100.0	1172	1172	0.0	1.0
Pf7G8-2_000075900	PF3D7_0306400	k	compared	100.0	653	653	0.0	1.0
Pf7G8-2_000076100	PF3D7_0306600	k	compared	100.0	85	85	0.0	1.0
Pf7G8-2_000077200	PF3D7_0307800	k	compared	100.0	675	675	0.0	1.0
Pf7G8-2_000077400	PF3D7_0308000	k	compared	100.0	482	482	0.0	1.0
Pf7G8-2_000078000	PF3D7_0308600	k	compared	100.0	533	533	0.0	1.0
Pf7G8-2_000078900	PF3D7_0309600	k	compared	100.0	112	112	0.0	1.0
Pf7G8-2_000079600:pseudogene	PF3D7_0310300	o	query_missing		0	1164		
Pf7G8-2_000080100	PF3D7_0310800	k	compared	100.0	109	109	0.0	1.0
Pf7G8-2_000081400	PF3D7_0312100	k	compared	100.0	829	829	0.0	1.0
Pf7G8-2_000081800	PF3D7_0312500	k	compared	100.0	579	579	0.0	1.0
Pf7G8-2_000083100:pseudogene	PF3D7_0313800	j	query_missing		0	662		
Pf7G8-2_000083900	PF3D7_0314600	k	compared	100.0	258	258	0.0	1.0
Pf7G8-2_000084600:pseudogene	PF3D7_0315300	j	query_missing		0	1788		
Pf7G8-2_000085400	PF3D7_0316100	k	compared	100.0	298	298	0.0	1.0
Pf7G8-2_000085800	PF3D7_0316500	k	compared	100.0	461	461	0.0	1.0
Pf7G8-2_000086100	PF3D7_0316800	k	compared	100.0	130	130	0.0	1.0
Pf7G8-2_000087000	PF3D7_0317600	k	compared	100.0	161	161	0.0	1.0
Pf7G8-2_000088100	PF3D7_0318700	k	compared	100.0	119	119	0.0	1.0
Pf7G8-2_000089700	PF3D7_0320300	k	compared	100.0	535	535	0.0	1.0
Pf7G8-2_000089900	PF3D7_0320500	k	compared	100.0	429	429	0.0	1.0
Pf7G8-2_000090200	PF3D7_0320800	k	compared	100.0	433	433	0.0	1.0
Pf7G8-2_000093200	PF3D7_0323800	k	compared	100.0	973	973	0.0	1.0
Pf7G8-2_000071500	PF3D7_0301900	k	compared	100.0	398	398	0.0	1.0
Pf7G8-2_000072300	PF3D7_0302800	k	compared	100.0	422	422	0.0	1.0
Pf7G8-2_000072600	PF3D7_0303100	k	compared	100.0	1448	1448	0.0	1.0
Pf7G8-2_000072800:pseudogene	PF3D7_0303300	k	both_missing		0	0		
Pf7G8-2_000074100	PF3D7_0304600	k	compared	100.0	416	416	0.0	1.0
Pf7G8-2_000074400	PF3D7_0304900	k	compared	100.0	170	170	0.0	1.0
Pf7G8-2_000074800:pseudogene	PF3D7_0305300	o	query_missing		0	27		
Pf7G8-2_000075100	PF3D7_0305600	k	compared	100.0	619	619	0.0	1.0
Pf7G8-2_000075400	PF3D7_0305900	k	compared	100.0	177	177	0.0	1.0
Pf7G8-2_000075500	PF3D7_0306000	k	compared	100.0	137	137	0.0	1.0
Pf7G8-2_000076000	PF3D7_0306500	k	compared	100.0	299	299	0.0	1.0
Pf7G8-2_000076900	PF3D7_0307500	j	both_missing		0	0		
Pf7G8-2_000077700	PF3D7_0308300	k	compared	100.0	337	337	0.0	1.0
Pf7G8-2_000080800	PF3D7_0311500	k	compared	100.0	81	81	0.0	1.0
Pf7G8-2_000081200	PF3D7_0311900	k	compared	100.0	785	785	0.0	1.0
Pf7G8-2_000083700	PF3D7_0314400	k	compared	100.0	308	308	0.0	1.0
Pf7G8-2_000084000	PF3D7_0314700	k	compared	100.0	1201	1201	0.0	1.0
Pf7G8-2_000084400	PF3D7_0315100	k	compared	100.0	227	227	0.0	1.0
Pf7G8-2_000084700	PF3D7_0315400	k	compared	100.0	256	256	0.0	1.0
Pf7G8-2_000084800	PF3D7_0315500	k	compared	100.0	232	232	0.0	1.0
Pf7G8-2_000085100	PF3D7_0315800	k	compared	100.0	365	365	0.0	1.0
Pf7G8-2_000085300	PF3D7_0316000	k	compared	100.0	307	307	0.0	1.0
Pf7G8-2_000086500	PF3D7_0317200	k	compared	100.0	1553	1553	0.0	1.0
Pf7G8-2_000087200	PF3D7_0317800	k	compared	99.5575221238938	226	225	1.0	0.995575221238938
Pf7G8-2_000088000	PF3D7_0318600	k	compared	100.0	1017	1017	0.0	1.0
Pf7G8-2_000088500	PF3D7_0319100	k	ref_missing		107	0		
Pf7G8-2_000089300	PF3D7_0319900	k	compared	100.0	314	314	0.0	1.0
Pf7G8-2_000091400	PF3D7_0322000	k	compared	100.0	171	171	0.0	1.0
Pf7G8-2_000091500	PF3D7_0322100	k	compared	100.0	591	591	0.0	1.0
Pf7G8-2_000091700	PF3D7_0322300	k	compared	100.0	655	655	0.0	1.0
Pf7G8-2_000093100	PF3D7_0323700	k	compared	100.0	693	693	0.0	1.0
Pf7G8-2_000094600:pseudogene	PF3D7_1373100	k	query_missing		0	340		
Pf7G8-2_000096700	PF3D7_0403200	k	compared	100.0	624	624	0.0	1.0
Pf7G8-2_000097000	PF3D7_0403500	k	compared	100.0	400	400	0.0	1.0
Pf7G8-2_000097400:pseudogene	PF3D7_0403900	o	query_missing		0	1204		
Pf7G8-2_000098700:pseudogene	PF3D7_0405200	j	query_missing		0	559		
Pf7G8-2_000099300	PF3D7_0405800	k	compared	100.0	102	102	0.0	1.0
Pf7G8-2_000099500	PF3D7_0406000	k	compared	100.0	510	510	0.0	1.0
Pf7G8-2_000099700	PF3D7_0406200	k	compared	100.0	157	157	0.0	1.0
Pf7G8-2_000100100	PF3D7_0406700	k	compared	100.0	847	847	0.0	1.0
Pf7G8-2_000100700	PF3D7_0407300	k	compared	100.0	320	320	0.0	1.0
Pf7G8-2_000101500	PF3D7_0408100	k	compared	100.0	1122	1122	0.0	1.0
Pf7G8-2_000103100	PF3D7_0409700	k	compared	100.0	194	194	0.0	1.0
Pf7G8-2_000103200	PF3D7_0409800	k	compared	100.0	575	575	0.0	1.0
Pf7G8-2_000103800	PF3D7_0410400	k	compared	100.0	338	338	0.0	1.0
Pf7G8-2_000105400	PF3D7_0412000	k	compared	100.0	778	778	0.0	1.0
Pf7G8-2_000105700	PF3D7_0412300	k	compared	100.0	540	540	0.0	1.0
Pf7G8-2_000106400	PF3D7_0413500	k	compared	100.0	295	295	0.0	1.0
Pf7G8-2_000106700	PF3D7_0413800	k	compared	100.0	280	280	0.0	1.0
Pf7G8-2_000107600	PF3D7_0414700	k	compared	100.0	631	631	0.0	1.0
Pf7G8-2_000108000	PF3D7_0415100	k	compared	100.0	415	415	0.0	1.0
Pf7G8-2_000109500	PF3D7_0416600	k	compared	100.0	287	287	0.0	1.0
Pf7G8-2_000110900:pseudogene	PF3D7_0418000	j	query_missing		0	4888		
Pf7G8-2_000111100	PF3D7_0418200	k	compared	100.0	429	429	0.0	1.0
Pf7G8-2_000111600	PF3D7_0418700	k	compared	100.0	573	573	0.0	1.0
Pf7G8-2_000112100	PF3D7_0419200	k	compared	100.0	136	136	0.0	1.0
Pf7G8-2_000112600	PF3D7_0419700	k	compared	100.0	325	325	0.0	1.0
Pf7G8-2_000113000	PF3D7_0420100	k	compared	100.0	579	579	0.0	1.0
Pf7G8-2_000113100	PF3D7_0420200	k	compared	100.0	594	594	0.0	1.0
Pf7G8-2_000114300	PF3D7_0422100	k	compared	100.0	381	381	0.0	1.0
Pf7G8-2_000114900	PF3D7_0422700	k	compared	100.0	390	390	0.0	1.0
Pf7G8-2_000115200	PF3D7_0423000	k	compared	100.0	263	263	0.0	1.0
Pf7G8-2_000115600	PF3D7_0423400	k	compared	100.0	224	224	0.0	1.0
Pf7G8-2_000117400:pseudogene	PF3D7_0425200	o	query_missing		0	241		
Pf7G8-2_000117800:pseudogene	PF3D7_1372600	o	query_missing		0	272		
Pf7G8-2_000097100:pseudogene	PF3D7_0403600	o	both_missing		0	0		
Pf7G8-2_000097300:pseudogene	PF3D7_0403800	k	both_missing		0	0		
Pf7G8-2_000098400	PF3D7_0404900	k	compared	100.0	378	378	0.0	1.0
Pf7G8-2_000100300:pseudogene	PF3D7_0406900	o	both_missing		0	0		
Pf7G8-2_000100800	PF3D7_0407400	k	compared	100.0	102	102	0.0	1.0
Pf7G8-2_000101300	PF3D7_0407900	k	compared	100.0	665	665	0.0	1.0
Pf7G8-2_000103400	PF3D7_0410000	k	compared	1.3020833333333335	768	10	758.0	0.013020833333333334
Pf7G8-2_000103700:pseudogene	PF3D7_0410300	k	query_missing		0	19		
Pf7G8-2_000104100	PF3D7_0410700	k	compared	100.0	890	890	0.0	1.0
Pf7G8-2_000105300:pseudogene	PF3D7_0411900	o	both_missing		0	0		
Pf7G8-2_000105500	PF3D7_0412100	k	compared	100.0	334	334	0.0	1.0
Pf7G8-2_000106600	PF3D7_0413700	k	compared	100.0	338	338	0.0	1.0
Pf7G8-2_000107700	PF3D7_0414800	k	compared	100.0	199	199	0.0	1.0
Pf7G8-2_000108300	PF3D7_0415400	k	compared	100.0	208	208	0.0	1.0
Pf7G8-2_000108500	PF3D7_0415600	k	compared	100.0	229	229	0.0	1.0
Pf7G8-2_000109100	PF3D7_0416200	k	compared	100.0	207	207	0.0	1.0
Pf7G8-2_000109400	PF3D7_0416500	k	compared	100.0	389	389	0.0	1.0
Pf7G8-2_000109600	PF3D7_0416700	e	query_missing		0	89		
Pf7G8-2_000110400	PF3D7_0417500	k	compared	100.0	22	22	0.0	1.0
Pf7G8-2_000110700	PF3D7_0417800	k	compared	100.0	719	719	0.0	1.0
Pf7G8-2_000111200	PF3D7_0418300	k	compared	100.0	1021	1021	0.0	1.0
Pf7G8-2_000112400	PF3D7_0419500	k	compared	100.0	536	536	0.0	1.0
Pf7G8-2_000112700	PF3D7_0419800	k	compared	100.0	236	236	0.0	1.0
Pf7G8-2_000114800	PF3D7_0422600	k	compared	100.0	140	140	0.0	1.0
Pf7G8-2_000115900	PF3D7_0423700	k	compared	100.0	136	136	0.0	1.0
Pf7G8-2_000116700	PF3D7_0424600	k	compared	100.0	246	246	0.0	1.0
Pf7G8-2_000121700	PF3D7_0502200	k	compared	100.0	443	443	0.0	1.0
Pf7G8-2_000122300	PF3D7_0502800	k	compared	100.0	137	137	0.0	1.0
Pf7G8-2_000122900	PF3D7_0503400	k	compared	100.0	122	122	0.0	1.0
Pf7G8-2_000124000	PF3D7_0504600	k	compared	100.0	381	381	0.0	1.0
Pf7G8-2_000124700	PF3D7_0505300	k	compared	100.0	612	612	0.0	1.0
Pf7G8-2_000125000	PF3D7_0505600	k	compared	100.0	333	333	0.0	1.0
Pf7G8-2_000126100	PF3D7_0506800	k	compared	100.0	929	929	0.0	1.0
Pf7G8-2_000126900	PF3D7_0507600	k	compared	100.0	653	653	0.0	1.0
Pf7G8-2_000127100	PF3D7_0507800	k	compared	100.0	1508	1508	0.0	1.0
Pf7G8-2_000127600	PF3D7_0508300	k	compared	100.0	342	342	0.0	1.0
Pf7G8-2_000129200	PF3D7_0509900	k	compared	100.0	314	314	0.0	1.0
Pf7G8-2_000129300	PF3D7_0510000	k	compared	100.0	815	815	0.0	1.0
Pf7G8-2_000129500	PF3D7_0510200	k	compared	100.0	748	748	0.0	1.0
Pf7G8-2_000129700	PF3D7_0510400	k	compared	100.0	439	439	0.0	1.0
Pf7G8-2_000130100:pseudogene	PF3D7_0510800	j	query_missing		0	642		
Pf7G8-2_000130300	PF3D7_0511100	k	compared	100.0	119	119	0.0	1.0
Pf7G8-2_000132200	PF3D7_0513000	k	compared	100.0	269	269	0.0	1.0
Pf7G8-2_000134100	PF3D7_0514900	k	compared	100.0	438	438	0.0	1.0
Pf7G8-2_000135500	PF3D7_0516300	k	compared	100.0	670	670	0.0	1.0
Pf7G8-2_000138200	PF3D7_0519000	k	compared	100.0	293	293	0.0	1.0
Pf7G8-2_000138300	PF3D7_0519100	k	compared	100.0	124	124	0.0	1.0
Pf7G8-2_000138800	PF3D7_0519600	k	compared	100.0	732	732	0.0	1.0
Pf7G8-2_000140100	PF3D7_0520900	k	compared	100.0	479	479	0.0	1.0
Pf7G8-2_000141000:pseudogene	PF3D7_0521800	o	query_missing		0	635		
Pf7G8-2_000141100	PF3D7_0521900	j	compared	96.45070422535211	1712	1775	63.0	0.9645070422535211
Pf7G8-2_000141600	PF3D7_0522400	m	compared	99.73126948296247	9278	9303	25.0	0.9973126948296248
Pf7G8-2_000141800	PF3D7_0522600	k	compared	100.0	483	483	0.0	1.0
Pf7G8-2_000142200	PF3D7_0523000	k	compared	100.0	1418	1418	0.0	1.0
Pf7G8-2_000142600	PF3D7_0523400	k	compared	100.0	533	533	0.0	1.0
Pf7G8-2_000143000	PF3D7_0523800	k	compared	100.0	682	682	0.0	1.0
Pf7G8-2_000143200	PF3D7_0524000	k	compared	100.0	1123	1123	0.0	1.0
Pf7G8-2_000143700	PF3D7_0524500	k	compared	100.0	123	123	0.0	1.0
Pf7G8-2_000143800	PF3D7_0524600	k	compared	100.0	257	257	0.0	1.0
Pf7G8-2_000144200	PF3D7_0525000	k	compared	100.0	709	709	0.0	1.0
Pf7G8-2_000144300	PF3D7_0525100	k	compared	100.0	673	673	0.0	1.0
Pf7G8-2_000145000	PF3D7_0525800	k	compared	100.0	300	300	0.0	1.0
Pf7G8-2_000145300	PF3D7_0526100	k	compared	100.0	409	409	0.0	1.0
Pf7G8-2_000145600	PF3D7_0526400	k	compared	100.0	361	361	0.0	1.0
Pf7G8-2_000146600	PF3D7_0527400	k	compared	100.0	175	175	0.0	1.0
Pf7G8-2_000150900	PF3D7_0532100	k	compared	100.0	179	179	0.0	1.0
Pf7G8-2_000121000	PF3D7_0501500	k	compared	100.0	400	400	0.0	1.0
Pf7G8-2_000121100	PF3D7_0501600	k	compared	100.0	398	398	0.0	1.0
Pf7G8-2_000121600	PF3D7_0502100	k	compared	100.0	234	234	0.0	1.0
Pf7G8-2_000121800	PF3D7_0502300	k	compared	100.0	287	287	0.0	1.0
Pf7G8-2_000121900	PF3D7_0502400	k	compared	100.0	593	593	0.0	1.0
Pf7G8-2_000122800	PF3D7_0503300	k	compared	100.0	308	308	0.0	1.0
Pf7G8-2_000126200	PF3D7_0506900	k	compared	100.0	759	759	0.0	1.0
Pf7G8-2_000126300	PF3D7_0507000	k	both_missing		0	0		
Pf7G8-2_000126400	PF3D7_0507100	k	compared	100.0	411	411	0.0	1.0
Pf7G8-2_000126700	PF3D7_0507400	k	compared	100.0	153	153	0.0	1.0
Pf7G8-2_000126800	PF3D7_0507500	k	compared	100.0	690	690	0.0	1.0
Pf7G8-2_000127000	PF3D7_0507700	k	compared	100.0	531	531	0.0	1.0
Pf7G8-2_000127300	PF3D7_0508000	k	compared	100.0	349	349	0.0	1.0
Pf7G8-2_000128100	PF3D7_0508800	k	compared	100.0	284	284	0.0	1.0
Pf7G8-2_000130200	PF3D7_0511000	k	compared	100.0	171	171	0.0	1.0
Pf7G8-2_000130800	PF3D7_0511600	k	compared	100.0	188	188	0.0	1.0
Pf7G8-2_000131500	PF3D7_0512300	k	compared	100.0	260	260	0.0	1.0
Pf7G8-2_000131900	PF3D7_0512700	k	compared	100.0	281	281	0.0	1.0
Pf7G8-2_000132500	PF3D7_0513300	k	compared	100.0	245	245	0.0	1.0
Pf7G8-2_000133000	PF3D7_0513800	k	compared	100.0	207	207	0.0	1.0
Pf7G8-2_000134200	PF3D7_0515000	k	compared	100.0	851	851	0.0	1.0
Pf7G8-2_000134900	PF3D7_0515700	k	compared	100.0	456	456	0.0	1.0
Pf7G8-2_000135000	PF3D7_0515800	k	compared	100.0	84	84	0.0	1.0
Pf7G8-2_000135100	PF3D7_0515900	k	compared	100.0	328	328	0.0	1.0
Pf7G8-2_000135600	PF3D7_0516400	k	compared	100.0	335	335	0.0	1.0
Pf7G8-2_000135800	PF3D7_0516600	k	compared	100.0	1615	1615	0.0	1.0
Pf7G8-2_000136300	PF3D7_0517100	k	compared	100.0	476	476	0.0	1.0
Pf7G8-2_000136800	PF3D7_0517600	k	compared	100.0	292	292	0.0	1.0
Pf7G8-2_000137400	PF3D7_0518200	k	compared	100.0	131	131	0.0	1.0
Pf7G8-2_000137900:pseudogene	PF3D7_0518700	j	query_missing		0	904		
Pf7G8-2_000139100	PF3D7_0519900	k	compared	100.0	526	526	0.0	1.0
Pf7G8-2_000139400	PF3D7_0520200	k	compared	100.0	697	697	0.0	1.0
Pf7G8-2_000139600	PF3D7_0520400	k	compared	100.0	301	301	0.0	1.0
Pf7G8-2_000139700	PF3D7_0520500	k	compared	100.0	310	310	0.0	1.0
Pf7G8-2_000140800	PF3D7_0521600	k	compared	100.0	96	96	0.0	1.0
Pf7G8-2_000141300	PF3D7_0522100	k	compared	100.0	758	758	0.0	1.0
Pf7G8-2_000143100	PF3D7_0523900	k	compared	100.0	150	150	0.0	1.0
Pf7G8-2_000143400	PF3D7_0524200	k	compared	100.0	49	49	0.0	1.0
Pf7G8-2_000143500	PF3D7_0524300	k	compared	100.0	406	406	0.0	1.0
Pf7G8-2_000143600	PF3D7_0524400	k	compared	100.0	365	365	0.0	1.0
Pf7G8-2_000143900	PF3D7_0524700	k	compared	100.0	105	105	0.0	1.0
Pf7G8-2_000145500	PF3D7_0526300	k	compared	100.0	323	323	0.0	1.0
Pf7G8-2_000146000	PF3D7_0526800	k	compared	100.0	368	368	0.0	1.0
Pf7G8-2_000146300	PF3D7_0527100	k	compared	100.0	73	73	0.0	1.0
Pf7G8-2_000147200	PF3D7_0528000	k	compared	100.0	124	124	0.0	1.0
Pf7G8-2_000147500	PF3D7_0528300	k	compared	100.0	496	496	0.0	1.0
Pf7G8-2_000147700	PF3D7_0528600	x	compared	18.39080459770115	307	105	202.0	0.34201954397394135
Pf7G8-2_000147800	PF3D7_0528700	k	compared	100.0	204	204	0.0	1.0
Pf7G8-2_000147900	PF3D7_0528800	k	compared	100.0	537	537	0.0	1.0
Pf7G8-2_000148100	PF3D7_0529000	k	compared	100.0	719	719	0.0	1.0
Pf7G8-2_000149100	PF3D7_0530000	k	compared	100.0	97	97	0.0	1.0
Pf7G8-2_000149300	PF3D7_0530200	k	compared	100.0	524	524	0.0	1.0
Pf7G8-2_000150400	PF3D7_0531200	k	compared	100.0	213	213	0.0	1.0
Pf7G8-2_000152100	PF3D7_1101300	j	compared	100.0	311	311	0.0	1.0
Pf7G8-2_000154900	PF3D7_0602500	k	compared	100.0	379	379	0.0	1.0
Pf7G8-2_000155400	PF3D7_0603000	k	compared	100.0	592	592	0.0	1.0
Pf7G8-2_000155600	PF3D7_0603200	k	compared	100.0	471	471	0.0	1.0
Pf7G8-2_000155900	PF3D7_0603500	k	compared	100.0	441	441	0.0	1.0
Pf7G8-2_000156100	PF3D7_0603700	k	compared	100.0	443	443	0.0	1.0
Pf7G8-2_000157400	PF3D7_0605000	k	compared	100.0	194	194	0.0	1.0
Pf7G8-2_000157500	PF3D7_0605100	k	compared	100.0	759	759	0.0	1.0
Pf7G8-2_000158700	PF3D7_0606300	k	compared	100.0	122	122	0.0	1.0
Pf7G8-2_000159400	PF3D7_0607000	k	compared	100.0	978	978	0.0	1.0
Pf7G8-2_000159900	PF3D7_0607500	k	compared	99.8069498069498	518	517	1.0	0.9980694980694981
Pf7G8-2_000160500	PF3D7_0608100	k	compared	100.0	1307	1307	0.0	1.0
Pf7G8-2_000161300	PF3D7_0608800	k	compared	100.0	414	414	0.0	1.0
Pf7G8-2_000162000:pseudogene	PF3D7_0609500	j	query_missing		0	1067		
Pf7G8-2_000162200:pseudogene	PF3D7_0609700	o	query_missing		0	1903		
Pf7G8-2_000162800	PF3D7_0610400	k	compared	100.0	136	136	0.0	1.0
Pf7G8-2_000164700	PF3D7_0612300	k	compared	100.0	118	118	0.0	1.0
Pf7G8-2_000164800	PF3D7_0612400	k	compared	100.0	236	236	0.0	1.0
Pf7G8-2_000165300	PF3D7_0612900	k	compared	100.0	686	686	0.0	1.0
Pf7G8-2_000166800	PF3D7_0614400	k	compared	100.0	255	255	0.0	1.0
Pf7G8-2_000167400	PF3D7_0615000	k	compared	100.0	146	146	0.0	1.0
Pf7G8-2_000167900	PF3D7_0615500	k	compared	100.0	700	700	0.0	1.0
Pf7G8-2_000169200	PF3D7_0616800	k	compared	100.0	521	521	0.0	1.0
Pf7G8-2_000170200	PF3D7_0617900	k	compared	100.0	136	136	0.0	1.0
Pf7G8-2_000170300	PF3D7_0618000	k	compared	100.0	793	793	0.0	1.0
Pf7G8-2_000170800	PF3D7_0618500	k	compared	100.0	313	313	0.0	1.0
Pf7G8-2_000171400	PF3D7_0619100	k	compared	100.0	333	333	0.0	1.0
Pf7G8-2_000171500:pseudogene	PF3D7_0619200	o	query_missing		0	1059		
Pf7G8-2_000172200	PF3D7_0619900	k	compared	100.0	233	233	0.0	1.0
Pf7G8-2_000172800	PF3D7_0620500	k	compared	100.0	644	644	0.0	1.0
Pf7G8-2_000172900	PF3D7_0620600	k	compared	100.0	294	294	0.0	1.0
Pf7G8-2_000173600	PF3D7_0621300	k	compared	100.0	788	788	0.0	1.0
Pf7G8-2_000174700:pseudogene	PF3D7_0622300	o	query_missing		0	836		
Pf7G8-2_000174800	PF3D7_0622400	k	compared	100.0	128	128	0.0	1.0
Pf7G8-2_000175000	PF3D7_0622600	j	compared	91.42857142857143	105	96	9.0	0.9142857142857143
Pf7G8-2_000175600	PF3D7_0623200	k	compared	100.0	371	371	0.0	1.0
Pf7G8-2_000176400	PF3D7_0624000	k	compared	100.0	493	493	0.0	1.0
-	PF3D7_0624300	u	query_missing		0	185		
Pf7G8-2_000176800	PF3D7_0624500	k	compared	100.0	89	89	0.0	1.0
Pf7G8-2_000177500	PF3D7_0625200	k	compared	100.0	385	385	0.0	1.0
Pf7G8-2_000177800	PF3D7_0625500	k	compared	100.0	337	337	0.0	1.0
Pf7G8-2_000177900	PF3D7_0625600	k	compared	100.0	631	631	0.0	1.0
Pf7G8-2_000179000	PF3D7_0626700	k	compared	100.0	372	372	0.0	1.0
Pf7G8-2_000179200	PF3D7_0626900	k	compared	100.0	368	368	0.0	1.0
Pf7G8-2_000179900	PF3D7_0627600	k	compared	100.0	394	394	0.0	1.0
Pf7G8-2_000180000	PF3D7_0627700	k	compared	100.0	1147	1147	0.0	1.0
Pf7G8-2_000180300	PF3D7_0628000	k	compared	100.0	173	173	0.0	1.0
Pf7G8-2_000181700	PF3D7_0629400	k	compared	100.0	781	781	0.0	1.0
Pf7G8-2_000182800	PF3D7_0630500	k	compared	100.0	498	498	0.0	1.0
Pf7G8-2_000182900	PF3D7_0630600	j	compared	99.89339019189765	938	937	1.0	0.9989339019189766
Pf7G8-2_000154000	PF3D7_0601600	k	compared	100.0	286	286	0.0	1.0
Pf7G8-2_000154400	PF3D7_0602000	k	compared	100.0	1432	1432	0.0	1.0
Pf7G8-2_000155500	PF3D7_0603100	k	compared	100.0	455	455	0.0	1.0
Pf7G8-2_000155700	PF3D7_0603300	k	compared	100.0	569	569	0.0	1.0
Pf7G8-2_000155800	PF3D7_0603400	k	compared	100.0	1105	1105	0.0	1.0
Pf7G8-2_000156300	PF3D7_0603900	k	compared	100.0	375	375	0.0	1.0
Pf7G8-2_000158400	PF3D7_0606000	k	compared	100.0	1064	1064	0.0	1.0
Pf7G8-2_000159200	PF3D7_0606800	k	compared	100.0	299	299	0.0	1.0
Pf7G8-2_000159300	PF3D7_0606900	k	compared	100.0	219	219	0.0	1.0
Pf7G8-2_000161900	PF3D7_0609400	k	compared	100.0	603	603	0.0	1.0
Pf7G8-2_000163500	PF3D7_0611100	k	compared	100.0	83	83	0.0	1.0
Pf7G8-2_000164000	PF3D7_0611600	k	compared	100.0	650	650	0.0	1.0
Pf7G8-2_000164200:pseudogene	PF3D7_0611800	o	query_missing		0	33		
Pf7G8-2_000164500	PF3D7_0612100	k	compared	100.0	652	652	0.0	1.0
Pf7G8-2_000165000	PF3D7_0612600	k	compared	100.0	470	470	0.0	1.0
Pf7G8-2_000165100	PF3D7_0612700	k	compared	100.0	347	347	0.0	1.0
Pf7G8-2_000166100	PF3D7_0613700	k	compared	100.0	703	703	0.0	1.0
Pf7G8-2_000166400	PF3D7_0614000	k	compared	100.0	538	538	0.0	1.0
Pf7G8-2_000167200	PF3D7_0614800	k	compared	100.0	427	427	0.0	1.0
Pf7G8-2_000168700	PF3D7_0616300	k	compared	100.0	227	227	0.0	1.0
Pf7G8-2_000169100	PF3D7_0616700	k	compared	100.0	516	516	0.0	1.0
Pf7G8-2_000169400	PF3D7_0617000	k	compared	100.0	377	377	0.0	1.0
Pf7G8-2_000170100	PF3D7_0617800	k	compared	100.0	132	132	0.0	1.0
Pf7G8-2_000173000	PF3D7_0620700	k	compared	100.0	362	362	0.0	1.0
Pf7G8-2_000173500	PF3D7_0621200	k	compared	100.0	301	301	0.0	1.0
Pf7G8-2_000174900	PF3D7_0622500	k	compared	100.0	434	434	0.0	1.0
Pf7G8-2_000175300	PF3D7_0622900	k	compared	100.0	1999	1999	0.0	1.0
Pf7G8-2_000175400	PF3D7_0623000	k	compared	100.0	527	527	0.0	1.0
Pf7G8-2_000176200	PF3D7_0623800	k	compared	100.0	2443	2443	0.0	1.0
Pf7G8-2_000177700	PF3D7_0625400	k	compared	100.0	412	412	0.0	1.0
Pf7G8-2_000178000	PF3D7_0625700	k	compared	100.0	98	98	0.0	1.0
Pf7G8-2_000178900	PF3D7_0626600	k	compared	100.0	145	145	0.0	1.0
Pf7G8-2_000179300	PF3D7_0627000	k	compared	100.0	110	110	0.0	1.0
Pf7G8-2_000179600	PF3D7_0627300	k	compared	100.0	450	450	0.0	1.0
Pf7G8-2_000179700	PF3D7_0627400	k	compared	100.0	193	193	0.0	1.0
Pf7G8-2_000180800	PF3D7_0628500	k	compared	100.0	316	316	0.0	1.0
Pf7G8-2_000181100	PF3D7_0628800	k	compared	100.0	867	867	0.0	1.0
Pf7G8-2_000181400	PF3D7_0629100	k	compared	100.0	665	665	0.0	1.0
Pf7G8-2_000181500	PF3D7_0629200	k	compared	100.0	380	380	0.0	1.0
Pf7G8-2_000181800	PF3D7_0629500	k	both_missing		0	0		
Pf7G8-2_000182700	PF3D7_0630400	k	compared	100.0	385	385	0.0	1.0
Pf7G8-2_000184600:pseudogene	PF3D7_0100400	k	query_missing		0	371		
Pf7G8-2_000184800:pseudogene	PF3D7_1479900	k	query_missing		0	307		
Pf7G8-2_000187400	PF3D7_0703100	k	compared	100.0	180	180	0.0	1.0
Pf7G8-2_000187600	PF3D7_0703300	k	compared	100.0	146	146	0.0	1.0
Pf7G8-2_000191700	PF3D7_0707400	k	compared	100.0	663	663	0.0	1.0
Pf7G8-2_000191900	PF3D7_0707600	k	compared	100.0	244	244	0.0	1.0
Pf7G8-2_000192000	PF3D7_0707700	k	compared	100.0	954	954	0.0	1.0
Pf7G8-2_000192200	PF3D7_0707900	k	compared	100.0	259	259	0.0	1.0
Pf7G8-2_000192300	PF3D7_0708000	k	compared	100.0	868	868	0.0	1.0
Pf7G8-2_000193100	PF3D7_0708800	k	compared	100.0	873	873	0.0	1.0
Pf7G8-2_000194100	PF3D7_0709800	n	compared	91.17647058823529	66	64	2.0	0.9696969696969697
Pf7G8-2_000194400	PF3D7_0710100	k	compared	100.0	459	459	0.0	1.0
Pf7G8-2_000195200	PF3D7_0710900	k	compared	100.0	399	399	0.0	1.0
Pf7G8-2_000195600	PF3D7_0711300	k	compared	100.0	119	119	0.0	1.0
Pf7G8-2_000195800	PF3D7_0711500	k	compared	100.0	688	688	0.0	1.0
Pf7G8-2_000197000:pseudogene	PF3D7_0713100	o	query_missing		0	231		
Pf7G8-2_000198400	PF3D7_0714500	k	compared	100.0	402	402	0.0	1.0
Pf7G8-2_000198500	PF3D7_0714600	k	compared	100.0	581	581	0.0	1.0
Pf7G8-2_000198900	PF3D7_0715000	k	compared	100.0	322	322	0.0	1.0
Pf7G8-2_000199600	PF3D7_0715700	k	compared	100.0	119	119	0.0	1.0
Pf7G8-2_000199800	PF3D7_0715900	k	compared	100.0	556	556	0.0	1.0
Pf7G8-2_000200300	PF3D7_0716400	k	compared	100.0	174	174	0.0	1.0
Pf7G8-2_000200800	PF3D7_0716900	k	compared	100.0	322	322	0.0	1.0
Pf7G8-2_000201300	PF3D7_0717400	k	compared	100.0	746	746	0.0	1.0
Pf7G8-2_000202400:pseudogene	PF3D7_0718600	j	query_missing		0	1122		
Pf7G8-2_000202800	PF3D7_0719000	k	compared	100.0	153	153	0.0	1.0
Pf7G8-2_000203100	PF3D7_0719300	k	compared	100.0	1032	1032	0.0	1.0
Pf7G8-2_000204700	PF3D7_0720900	j	compared	98.55595667870037	277	273	4.0	0.9855595667870036
Pf7G8-2_000204800	PF3D7_0721000	j	compared	99.15325994919559	3513	3543	30.0	0.9915325994919559
Pf7G8-2_000204900	PF3D7_0721100	k	compared	100.0	244	244	0.0	1.0
Pf7G8-2_000205100	PF3D7_0721300	k	compared	100.0	904	904	0.0	1.0
Pf7G8-2_000205200	PF3D7_0721400	k	compared	100.0	214	214	0.0	1.0
Pf7G8-2_000205500	PF3D7_0721700	k	compared	100.0	467	467	0.0	1.0
Pf7G8-2_000205800	PF3D7_0722000	k	compared	100.0	245	245	0.0	1.0
Pf7G8-2_000205900	PF3D7_0722100	k	compared	100.0	403	403	0.0	1.0
Pf7G8-2_000206000	PF3D7_0722200	k	compared	100.0	744	744	0.0	1.0
Pf7G8-2_000209800	PF3D7_0726300	k	compared	100.0	1218	1218	0.0	1.0
Pf7G8-2_000210400	PF3D7_0726900	k	compared	100.0	519	519	0.0	1.0
Pf7G8-2_000211900	PF3D7_0728400	o	compared	98.4251968503937	126	126	0.0	1.0
Pf7G8-2_000212500	PF3D7_0729000	j	compared	88.03418803418803	117	103	14.0	0.8803418803418803
Pf7G8-2_000212900	PF3D7_0729400	k	compared	100.0	389	389	0.0	1.0
Pf7G8-2_000213000	PF3D7_0729500	k	compared	100.0	758	758	0.0	1.0
Pf7G8-2_000213300	PF3D7_0729800	k	compared	100.0	97	97	0.0	1.0
Pf7G8-2_000215000	PF3D7_0731600	k	compared	100.0	811	811	0.0	1.0
Pf7G8-2_000185400	PF3D7_0901000	j	compared	100.0	293	293	0.0	1.0
Pf7G8-2_000185500	PF3D7_1041200	j	compared	100.0	353	353	0.0	1.0
Pf7G8-2_000185700:pseudogene	PF3D7_1040900	k	query_missing		0	288		
Pf7G8-2_000185900	PF3D7_0222800	o	query_missing		0	285		
Pf7G8-2_000186000:pseudogene	PF3D7_1400800	k	query_missing		0	292		
Pf7G8-2_000186500	PF3D7_0702200	k	compared	100.0	424	424	0.0	1.0
Pf7G8-2_000188000	PF3D7_0703700	k	compared	100.0	252	252	0.0	1.0
Pf7G8-2_000190700	PF3D7_0706400	k	compared	100.0	92	92	0.0	1.0
Pf7G8-2_000192400	PF3D7_0708100	k	compared	100.0	69	69	0.0	1.0
Pf7G8-2_000193000	PF3D7_0708700	k	compared	100.0	228	228	0.0	1.0
Pf7G8-2_000193200	PF3D7_0708900	k	compared	100.0	317	317	0.0	1.0
Pf7G8-2_000194000	PF3D7_0709700	k	compared	100.0	368	368	0.0	1.0
Pf7G8-2_000195000	PF3D7_0710700	k	compared	100.0	201	201	0.0	1.0
Pf7G8-2_000195100	PF3D7_0710800	k	compared	100.0	376	376	0.0	1.0
Pf7G8-2_000195300	PF3D7_0711000	k	compared	100.0	1231	1231	0.0	1.0
Pf7G8-2_000195400	PF3D7_0711100	k	compared	100.0	237	237	0.0	1.0
Pf7G8-2_000195700	PF3D7_0711400	k	compared	100.0	728	728	0.0	1.0
Pf7G8-2_000197900	PF3D7_0714000	k	compared	100.0	123	123	0.0	1.0
Pf7G8-2_000199700	PF3D7_0715800	k	compared	100.0	440	440	0.0	1.0
Pf7G8-2_000201500:pseudogene	PF3D7_0717600	j	both_missing		0	0		
Pf7G8-2_000201900:pseudogene	PF3D7_0718000	j	both_missing		0	0		
Pf7G8-2_000203900	PF3D7_0720100	k	compared	100.0	255	255	0.0	1.0
Pf7G8-2_000205400	PF3D7_0721600	k	compared	100.0	169	169	0.0	1.0
Pf7G8-2_000205700	PF3D7_0721900	k	compared	100.0	24	24	0.0	1.0
Pf7G8-2_000206800	PF3D7_0723000	k	compared	100.0	298	298	0.0	1.0
Pf7G8-2_000207300	PF3D7_0723500	k	compared	100.0	226	226	0.0	1.0
Pf7G8-2_000210700	PF3D7_0727200	k	compared	100.0	553	553	0.0	1.0
Pf7G8-2_000211800	PF3D7_0728300	k	compared	100.0	211	211	0.0	1.0
Pf7G8-2_000217900	PF3D7_0802000	k	compared	100.0	1397	1397	0.0	1.0
Pf7G8-2_000218100	PF3D7_0802200	k	compared	100.0	220	220	0.0	1.0
Pf7G8-2_000219300	PF3D7_0803400	k	compared	100.0	1234	1234	0.0	1.0
Pf7G8-2_000219500:pseudogene	PF3D7_0803600	j	query_missing		0	1605		
Pf7G8-2_000219600	PF3D7_0803700	k	compared	100.0	452	452	0.0	1.0
Pf7G8-2_000220000	PF3D7_0804400	k	compared	100.0	738	738	0.0	1.0
Pf7G8-2_000220400	PF3D7_0804800	k	compared	100.0	217	217	0.0	1.0
Pf7G8-2_000220700	PF3D7_0805100	k	compared	100.0	553	553	0.0	1.0
Pf7G8-2_000220800	PF3D7_0805200	k	compared	100.0	93	93	0.0	1.0
Pf7G8-2_000221200	PF3D7_0805600	k	compared	100.0	308	308	0.0	1.0
Pf7G8-2_000222000	PF3D7_0806400	k	compared	100.0	177	177	0.0	1.0
Pf7G8-2_000222600	PF3D7_0807000	k	compared	98.1981981981982	218	222	4.0	0.9819819819819819
Pf7G8-2_000225900	PF3D7_0810600	k	compared	100.0	938	938	0.0	1.0
Pf7G8-2_000226600	PF3D7_0811300	k	compared	100.0	1771	1771	0.0	1.0
Pf7G8-2_000227000	PF3D7_0811700	k	compared	100.0	1216	1216	0.0	1.0
Pf7G8-2_000228100	PF3D7_0812700	k	compared	100.0	235	235	0.0	1.0
Pf7G8-2_000229600	PF3D7_0814200	k	compared	100.0	248	248	0.0	1.0
Pf7G8-2_000229900	PF3D7_0814500	k	compared	100.0	741	741	0.0	1.0
Pf7G8-2_000230100	PF3D7_0814700	k	compared	100.0	306	306	0.0	1.0
Pf7G8-2_000230200	PF3D7_0814900	k	compared	100.0	198	198	0.0	1.0
Pf7G8-2_000230500	PF3D7_0815200	k	compared	100.0	877	877	0.0	1.0
Pf7G8-2_000233300	PF3D7_0818000	k	compared	100.0	372	372	0.0	1.0
Pf7G8-2_000234200	PF3D7_0818900	k	compared	100.0	677	677	0.0	1.0
Pf7G8-2_000235600	PF3D7_0820300	k	compared	100.0	622	622	0.0	1.0
Pf7G8-2_000236400	PF3D7_0821100	k	compared	99.88876529477196	899	898	1.0	0.9988876529477196
Pf7G8-2_000236500	PF3D7_0821200	k	compared	100.0	191	191	0.0	1.0
Pf7G8-2_000238100	PF3D7_0822800	k	compared	100.0	324	324	0.0	1.0
Pf7G8-2_000239100	PF3D7_0823800	k	compared	100.0	655	655	0.0	1.0
Pf7G8-2_000239200	PF3D7_0823900	k	compared	100.0	318	318	0.0	1.0
Pf7G8-2_000239400	PF3D7_0824100	k	compared	100.0	406	406	0.0	1.0
Pf7G8-2_000239500:pseudogene	PF3D7_0824200	k	query_missing		0	1131		
Pf7G8-2_000240800	PF3D7_0825500	k	compared	100.0	622	622	0.0	1.0
Pf7G8-2_000241600	PF3D7_0826300	k	compared	100.0	445	445	0.0	1.0
Pf7G8-2_000241800	PF3D7_0826500	k	compared	100.0	1327	1327	0.0	1.0
Pf7G8-2_000242700	PF3D7_0827500	k	compared	100.0	316	316	0.0	1.0
Pf7G8-2_000244400	PF3D7_0829200	k	compared	100.0	272	272	0.0	1.0
Pf7G8-2_000244800	PF3D7_0829600	k	compared	100.0	170	170	0.0	1.0
Pf7G8-2_000246100:pseudogene	PF3D7_0831300	o	query_missing		0	785		
Pf7G8-2_000248100:pseudogene	PF3D7_1400400	k	query_missing		0	342		
Pf7G8-2_000216700:pseudogene	PF3D7_0800700	o	query_missing		0	1571		
Pf7G8-2_000217400	PF3D7_0801500	k	compared	100.0	549	549	0.0	1.0
Pf7G8-2_000217500	PF3D7_0801600	k	compared	100.0	125	125	0.0	1.0
Pf7G8-2_000217700	PF3D7_0801800	k	compared	100.0	1011	1011	0.0	1.0
Pf7G8-2_000219700	PF3D7_0803800	k	compared	100.0	17	17	0.0	1.0
Pf7G8-2_000220500	PF3D7_0804900	k	compared	100.0	490	490	0.0	1.0
Pf7G8-2_000221100	PF3D7_0805500	k	compared	100.0	1077	1077	0.0	1.0
Pf7G8-2_000222100	PF3D7_0806500	k	compared	100.0	683	683	0.0	1.0
Pf7G8-2_000222500	PF3D7_0806900	k	compared	100.0	379	379	0.0	1.0
Pf7G8-2_000223200:pseudogene	PF3D7_0807600	o	query_missing		0	11		
Pf7G8-2_000223800	PF3D7_0808200	k	compared	100.0	573	573	0.0	1.0
-	PF3D7_0809250	u	query_missing		0	67		
Pf7G8-2_000224800	PF3D7_0809500	k	compared	100.0	104	104	0.0	1.0
Pf7G8-2_000225300	PF3D7_0810000	k	compared	100.0	90	90	0.0	1.0
Pf7G8-2_000225600	PF3D7_0810300	k	compared	100.0	42	42	0.0	1.0
Pf7G8-2_000226400	PF3D7_0811100	k	compared	100.0	539	539	0.0	1.0
Pf7G8-2_000226900	PF3D7_0811600	k	compared	100.0	1180	1180	0.0	1.0
Pf7G8-2_000227100	PF3D7_0811800	k	compared	100.0	583	583	0.0	1.0
Pf7G8-2_000227800	PF3D7_0812400	k	compared	100.0	545	545	0.0	1.0
Pf7G8-2_000227900	PF3D7_0812500	k	compared	100.0	958	958	0.0	1.0
Pf7G8-2_000228500	PF3D7_0813100	k	compared	100.0	662	662	0.0	1.0
Pf7G8-2_000228600	PF3D7_0813200	k	compared	100.0	142	142	0.0	1.0
Pf7G8-2_000231300	PF3D7_0816000	k	compared	100.0	491	491	0.0	1.0
Pf7G8-2_000231500	PF3D7_0816200	k	compared	100.0	209	209	0.0	1.0
Pf7G8-2_000232500	PF3D7_0817200	k	compared	100.0	796	796	0.0	1.0
Pf7G8-2_000233200	PF3D7_0817900	k	compared	100.0	99	99	0.0	1.0
Pf7G8-2_000234100	PF3D7_0818800	k	compared	100.0	365	365	0.0	1.0
Pf7G8-2_000235500	PF3D7_0820200	k	compared	100.0	661	661	0.0	1.0
Pf7G8-2_000236800	PF3D7_0821500	k	compared	100.0	279	279	0.0	1.0
Pf7G8-2_000237400	PF3D7_0822100	k	compared	100.0	234	234	0.0	1.0
Pf7G8-2_000238200	PF3D7_0822900	k	compared	100.0	1167	1167	0.0	1.0
Pf7G8-2_000239700	PF3D7_0824400	k	compared	100.0	585	585	0.0	1.0
Pf7G8-2_000240600	PF3D7_0825300	k	compared	100.0	148	148	0.0	1.0
Pf7G8-2_000240900	PF3D7_0825600	k	compared	100.0	85	85	0.0	1.0
Pf7G8-2_000241900	PF3D7_0826600	k	compared	100.0	276	276	0.0	1.0
Pf7G8-2_000242000	PF3D7_0826700	k	both_missing		0	0		
Pf7G8-2_000243500	PF3D7_0828300	k	compared	100.0	550	550	0.0	1.0
Pf7G8-2_000244000	PF3D7_0828800	k	compared	100.0	740	740	0.0	1.0
Pf7G8-2_000244600	PF3D7_0829400	k	compared	100.0	441	441	0.0	1.0
Pf7G8-2_000246500	PF3D7_0831700	k	compared	100.0	679	679	0.0	1.0
Pf7G8-2_000247500:pseudogene	PF3D7_0300700	k	query_missing		0	356		
Pf7G8-2_000247600:pseudogene	PF3D7_0732500	k	query_missing		0	355		
Pf7G8-2_000249700	PF3D7_0901500	j	compared	98.66310160427807	369	374	5.0	0.9866310160427807
Pf7G8-2_000251100	PF3D7_0903000	k	compared	100.0	158	158	0.0	1.0
Pf7G8-2_000252000	PF3D7_0903900	k	compared	100.0	131	131	0.0	1.0
Pf7G8-2_000253600	PF3D7_0905500	k	compared	100.0	239	239	0.0	1.0
Pf7G8-2_000254400	PF3D7_0906300	k	compared	100.0	434	434	0.0	1.0
Pf7G8-2_000254600	PF3D7_0906500	k	compared	100.0	419	419	0.0	1.0
Pf7G8-2_000255000	PF3D7_0906890	k	compared	100.0	139	139	0.0	1.0
Pf7G8-2_000255400	PF3D7_0907200	k	compared	100.0	1143	1143	0.0	1.0
Pf7G8-2_000256000	PF3D7_0907800	k	compared	100.0	191	191	0.0	1.0
Pf7G8-2_000256400:pseudogene	PF3D7_0908200	j	query_missing		0	1528		
Pf7G8-2_000256600	PF3D7_0908400	k	compared	100.0	195	195	0.0	1.0
Pf7G8-2_000257300	PF3D7_0909100	k	compared	100.0	740	740	0.0	1.0
Pf7G8-2_000257700	PF3D7_0909500	k	compared	100.0	457	457	0.0	1.0
Pf7G8-2_000257900	PF3D7_0909700	k	compared	100.0	1038	1038	0.0	1.0
Pf7G8-2_000258500	PF3D7_0910300	k	compared	100.0	432	432	0.0	1.0
Pf7G8-2_000259000	PF3D7_0910800	k	compared	100.0	447	447	0.0	1.0
Pf7G8-2_000259400	PF3D7_0911200	k	compared	100.0	203	203	0.0	1.0
Pf7G8-2_000259800	PF3D7_0911600	k	compared	100.0	522	522	0.0	1.0
Pf7G8-2_000260800	PF3D7_0912700	k	compared	100.0	85	85	0.0	1.0
Pf7G8-2_000261300	PF3D7_0913200	k	compared	100.0	275	275	0.0	1.0
Pf7G8-2_000262800	PF3D7_0914700	k	compared	100.0	515	515	0.0	1.0
Pf7G8-2_000263000	PF3D7_0914900	k	compared	100.0	716	716	0.0	1.0
Pf7G8-2_000263300	PF3D7_0915200	k	compared	100.0	322	322	0.0	1.0
Pf7G8-2_000263700	PF3D7_0915600	k	compared	100.0	238	238	0.0	1.0
Pf7G8-2_000263900	PF3D7_0915800	k	compared	100.0	217	217	0.0	1.0
Pf7G8-2_000264000	PF3D7_0915900	k	compared	100.0	166	166	0.0	1.0
Pf7G8-2_000264900	PF3D7_0916800	k	compared	100.0	49	49	0.0	1.0
Pf7G8-2_000265000	PF3D7_0916900	k	compared	100.0	332	332	0.0	1.0
Pf7G8-2_000265400	PF3D7_0917300	k	compared	100.0	339	339	0.0	1.0
Pf7G8-2_000265500	PF3D7_0917400	k	compared	100.0	1288	1288	0.0	1.0
Pf7G8-2_000265600	PF3D7_0917500	k	compared	100.0	684	684	0.0	1.0
Pf7G8-2_000265800	PF3D7_0917700	k	compared	100.0	358	358	0.0	1.0
Pf7G8-2_000266900	PF3D7_0918900	k	compared	100.0	1119	1119	0.0	1.0
Pf7G8-2_000267700	PF3D7_0919700	k	compared	100.0	242	242	0.0	1.0
Pf7G8-2_000268000	PF3D7_0920000	k	compared	100.0	654	654	0.0	1.0
Pf7G8-2_000268700	PF3D7_0920700	k	compared	100.0	593	593	0.0	1.0
Pf7G8-2_000269100:pseudogene	PF3D7_0921100	o	query_missing		0	225		
Pf7G8-2_000269900	PF3D7_0921900	k	compared	100.0	248	248	0.0	1.0
Pf7G8-2_000270200	PF3D7_0922200	k	compared	100.0	402	402	0.0	1.0
Pf7G8-2_000270500	PF3D7_0922500	k	compared	100.0	416	416	0.0	1.0
Pf7G8-2_000271200	PF3D7_0923200	k	compared	100.0	780	780	0.0	1.0
Pf7G8-2_000272200	PF3D7_0924200	k	compared	100.0	1061	1061	0.0	1.0
Pf7G8-2_000272700	PF3D7_0924700	k	compared	100.0	589	589	0.0	1.0
Pf7G8-2_000274200	PF3D7_0926200	k	compared	100.0	51	51	0.0	1.0
Pf7G8-2_000274600:pseudogene	PF3D7_0926600	o	query_missing		0	1374		
Pf7G8-2_000275200:pseudogene	PF3D7_0927200	o	query_missing		0	1599		
Pf7G8-2_000276900	PF3D7_0928800	k	compared	94.67723669309174	883	836	47.0	0.9467723669309174
Pf7G8-2_000277000	PF3D7_0928900	k	compared	100.0	199	199	0.0	1.0
Pf7G8-2_000277500	PF3D7_0929400	k	compared	100.0	1378	1378	0.0	1.0
Pf7G8-2_000279300	PF3D7_0931100	k	compared	100.0	825	825	0.0	1.0
Pf7G8-2_000279600	PF3D7_0931400	k	compared	100.0	310	310	0.0	1.0
Pf7G8-2_000281200	PF3D7_0933000	k	compared	100.0	760	760	0.0	1.0
Pf7G8-2_000281600	PF3D7_0933400	k	compared	100.0	268	268	0.0	1.0
Pf7G8-2_000282500	PF3D7_0934300	k	compared	100.0	145	145	0.0	1.0
Pf7G8-2_000282600	PF3D7_0934400	k	compared	100.0	200	200	0.0	1.0
Pf7G8-2_000283600	PF3D7_0935400	k	compared	100.0	599	599	0.0	1.0
Pf7G8-2_000284800	PF3D7_0936600	k	compared	100.0	297	297	0.0	1.0
Pf7G8-2_000285400	PF3D7_0937200	k	compared	100.0	357	357	0.0	1.0
Pf7G8-2_000285600	PF3D7_0732200	j	compared	98.66666666666667	375	370	5.0	0.9866666666666667
Pf7G8-2_000250700	PF3D7_0902500	k	compared	100.0	24	24	0.0	1.0
Pf7G8-2_000252100	PF3D7_0904000	k	compared	100.0	426	426	0.0	1.0
Pf7G8-2_000252500	PF3D7_0904400	k	compared	100.0	185	185	0.0	1.0
Pf7G8-2_000253000	PF3D7_0904900	m	compared	12.5	17	127	110.0	0.13385826771653545
Pf7G8-2_000253100	PF3D7_0905000	k	compared	100.0	281	281	0.0	1.0
Pf7G8-2_000253500	PF3D7_0905400	k	compared	100.0	17	17	0.0	1.0
Pf7G8-2_000254300	PF3D7_0906200	k	compared	100.0	580	580	0.0	1.0
Pf7G8-2_000254700	PF3D7_0906600	k	compared	100.0	843	843	0.0	1.0
Pf7G8-2_000254800	PF3D7_0906700	k	compared	100.0	488	488	0.0	1.0
Pf7G8-2_000254900	PF3D7_0906800	k	compared	100.0	777	777	0.0	1.0
Pf7G8-2_000255500	PF3D7_0907300	k	compared	100.0	258	258	0.0	1.0
Pf7G8-2_000255600	PF3D7_0907400	k	compared	100.0	922	922	0.0	1.0
Pf7G8-2_000255700	PF3D7_0907500	k	compared	100.0	14	14	0.0	1.0
Pf7G8-2_000255900	PF3D7_0907700	k	compared	100.0	279	279	0.0	1.0
Pf7G8-2_000256700:pseudogene	PF3D7_0908500	j	query_missing		0	474		
Pf7G8-2_000257100	PF3D7_0908900	k	compared	100.0	30	30	0.0	1.0
Pf7G8-2_000260000	PF3D7_0911800	k	compared	100.0	276	276	0.0	1.0
Pf7G8-2_000260300	PF3D7_0912100	k	compared	100.0	433	433	0.0	1.0
Pf7G8-2_000260900	PF3D7_0912800	k	compared	100.0	614	614	0.0	1.0
-	PF3D7_0913150	u	query_missing		0	45		
Pf7G8-2_000262400:pseudogene	PF3D7_0914300	k	query_missing		0	21		
Pf7G8-2_000262900	PF3D7_0914800	k	compared	100.0	208	208	0.0	1.0
Pf7G8-2_000263400	PF3D7_0915300	k	compared	100.0	721	721	0.0	1.0
Pf7G8-2_000263500	PF3D7_0915400	k	compared	100.0	1420	1420	0.0	1.0
Pf7G8-2_000264700	PF3D7_0916600	k	compared	100.0	219	219	0.0	1.0
Pf7G8-2_000264800	PF3D7_0916700	k	compared	100.0	386	386	0.0	1.0
Pf7G8-2_000266100	PF3D7_0918000	k	compared	100.0	396	396	0.0	1.0
Pf7G8-2_000266800	PF3D7_0918800	k	compared	100.0	577	577	0.0	1.0
Pf7G8-2_000268800	PF3D7_0920800	k	compared	100.0	510	510	0.0	1.0
Pf7G8-2_000271000	PF3D7_0923000	k	compared	100.0	335	335	0.0	1.0
Pf7G8-2_000273700	PF3D7_0925700	k	compared	100.0	449	449	0.0	1.0
Pf7G8-2_000274500	PF3D7_0926500	k	compared	100.0	1917	1917	0.0	1.0
Pf7G8-2_000275100	PF3D7_0927100	k	compared	100.0	192	192	0.0	1.0
Pf7G8-2_000275700	PF3D7_0927700	k	compared	100.0	312	312	0.0	1.0
Pf7G8-2_000275900	PF3D7_0927900	k	compared	100.0	353	353	0.0	1.0
Pf7G8-2_000276100	PF3D7_0928100	k	compared	100.0	409	409	0.0	1.0
Pf7G8-2_000276700	PF3D7_0928600	k	compared	100.0	113	113	0.0	1.0
Pf7G8-2_000276800	PF3D7_0928700	k	compared	100.0	1492	1492	0.0	1.0
Pf7G8-2_000277800	PF3D7_0929700	k	compared	100.0	350	350	0.0	1.0
Pf7G8-2_000279200	PF3D7_0931000	k	compared	100.0	911	911	0.0	1.0
Pf7G8-2_000280000	PF3D7_0931800	k	compared	100.0	282	282	0.0	1.0
Pf7G8-2_000280500	PF3D7_0932300	k	compared	100.0	570	570	0.0	1.0
Pf7G8-2_000280700:pseudogene	PF3D7_0932500	j	query_missing		0	11		
Pf7G8-2_000281100	PF3D7_0932900	k	compared	100.0	158	158	0.0	1.0
Pf7G8-2_000281800	PF3D7_0933600	k	compared	100.0	484	484	0.0	1.0
Pf7G8-2_000282400	PF3D7_0934200	k	compared	100.0	145	145	0.0	1.0
Pf7G8-2_000283200	PF3D7_0935000	k	compared	100.0	193	193	0.0	1.0
Pf7G8-2_000283300	PF3D7_0935100	k	compared	100.0	72	72	0.0	1.0
Pf7G8-2_000284300	PF3D7_0936100	k	compared	100.0	179	179	0.0	1.0
Pf7G8-2_000286600:pseudogene	PF3D7_0631900	o	query_missing		0	304		
Pf7G8-2_000288500	PF3D7_1002700	k	compared	100.0	940	940	0.0	1.0
Pf7G8-2_000288800	PF3D7_1003000	k	compared	100.0	1269	1269	0.0	1.0
Pf7G8-2_000289400	PF3D7_1003600	k	compared	100.0	281	281	0.0	1.0
Pf7G8-2_000290400:pseudogene	PF3D7_1004600	j	query_missing		0	1088		
Pf7G8-2_000290700	PF3D7_1004900	k	compared	100.0	319	319	0.0	1.0
Pf7G8-2_000292300	PF3D7_1006500	k	compared	100.0	322	322	0.0	1.0
Pf7G8-2_000293200	PF3D7_1007400	k	compared	100.0	219	219	0.0	1.0
Pf7G8-2_000293300	PF3D7_1007500	k	compared	100.0	108	108	0.0	1.0
Pf7G8-2_000293400	PF3D7_1007600	k	compared	100.0	109	109	0.0	1.0
Pf7G8-2_000293700	PF3D7_1007900	k	compared	100.0	543	543	0.0	1.0
Pf7G8-2_000294200	PF3D7_1008500	k	compared	100.0	1277	1277	0.0	1.0
Pf7G8-2_000294700	PF3D7_1009000	k	compared	100.0	274	274	0.0	1.0
Pf7G8-2_000295100	PF3D7_1009400	k	compared	100.0	362	362	0.0	1.0
Pf7G8-2_000296000	PF3D7_1010300	k	compared	99.15254237288136	118	117	1.0	0.9915254237288136
Pf7G8-2_000296800	PF3D7_1011200	j	compared	96.55172413793103	114	114	0.0	1.0
Pf7G8-2_000297300	PF3D7_1011700	k	compared	100.0	389	389	0.0	1.0
Pf7G8-2_000297400	PF3D7_1011800	k	compared	100.0	1133	1133	0.0	1.0
Pf7G8-2_000298400	PF3D7_1012800	k	compared	100.0	806	806	0.0	1.0
Pf7G8-2_000298800	PF3D7_1013200	k	compared	100.0	1060	1060	0.0	1.0
Pf7G8-2_000300000	PF3D7_1014400	k	compared	100.0	324	324	0.0	1.0
Pf7G8-2_000300300	PF3D7_1014700	k	compared	100.0	304	304	0.0	1.0
Pf7G8-2_000300600	PF3D7_1015000	k	compared	100.0	328	328	0.0	1.0
Pf7G8-2_000300900	PF3D7_1015300	k	compared	100.0	513	513	0.0	1.0
Pf7G8-2_000301400	PF3D7_1015800	k	compared	100.0	335	335	0.0	1.0
Pf7G8-2_000301600	PF3D7_1016000	k	compared	100.0	453	453	0.0	1.0
Pf7G8-2_000301800	PF3D7_1016200	k	compared	100.0	560	560	0.0	1.0
Pf7G8-2_000303300	PF3D7_1017700	k	compared	100.0	443	443	0.0	1.0
Pf7G8-2_000304300	PF3D7_1018700	k	compared	100.0	617	617	0.0	1.0
Pf7G8-2_000305000	PF3D7_1019400	k	compared	100.0	108	108	0.0	1.0
Pf7G8-2_000306200	PF3D7_1020600	j	compared	99.34426229508196	2135	2121	14.0	0.9934426229508196
Pf7G8-2_000307200	PF3D7_1021600	k	compared	100.0	263	263	0.0	1.0
Pf7G8-2_000308200	PF3D7_1022600	k	compared	100.0	889	889	0.0	1.0
Pf7G8-2_000308400	PF3D7_1022800	k	compared	100.0	825	825	0.0	1.0
Pf7G8-2_000308800	PF3D7_1023200	k	compared	100.0	323	323	0.0	1.0
Pf7G8-2_000309600	PF3D7_1024000	k	compared	100.0	566	566	0.0	1.0
Pf7G8-2_000309900	PF3D7_1024300	k	compared	100.0	130	130	0.0	1.0
Pf7G8-2_000310100	PF3D7_1024500	k	compared	100.0	264	264	0.0	1.0
Pf7G8-2_000310300	PF3D7_1024700	k	compared	100.0	496	496	0.0	1.0
Pf7G8-2_000310400	PF3D7_1024800	k	compared	100.0	1458	1458	0.0	1.0
Pf7G8-2_000310700	PF3D7_1025100	k	compared	100.0	819	819	0.0	1.0
Pf7G8-2_000311200	PF3D7_1025600	k	compared	100.0	67	67	0.0	1.0
Pf7G8-2_000311300	PF3D7_1025700	k	compared	100.0	187	187	0.0	1.0
Pf7G8-2_000311800	PF3D7_1026300	k	compared	100.0	1134	1134	0.0	1.0
Pf7G8-2_000312600	PF3D7_1027200	k	compared	100.0	520	520	0.0	1.0
Pf7G8-2_000313800	PF3D7_1028400	k	compared	100.0	509	509	0.0	1.0
Pf7G8-2_000314100	PF3D7_1028700	k	compared	100.0	488	488	0.0	1.0
Pf7G8-2_000314500	PF3D7_1029200	k	compared	100.0	553	553	0.0	1.0
Pf7G8-2_000314900	PF3D7_1029600	k	compared	100.0	367	367	0.0	1.0
Pf7G8-2_000315800	PF3D7_1030500	k	compared	100.0	393	393	0.0	1.0
Pf7G8-2_000316000	PF3D7_1030700	k	compared	100.0	257	257	0.0	1.0
Pf7G8-2_000316100	PF3D7_1030800	k	compared	100.0	212	212	0.0	1.0
Pf7G8-2_000316500	PF3D7_1031200	k	compared	100.0	364	364	0.0	1.0
Pf7G8-2_000316600	PF3D7_1031300	k	compared	100.0	900	900	0.0	1.0
Pf7G8-2_000317400	PF3D7_1032100	k	compared	100.0	1189	1189	0.0	1.0
Pf7G8-2_000317900	PF3D7_1032600	k	compared	100.0	350	350	0.0	1.0
Pf7G8-2_000318500	PF3D7_1033200	k	compared	100.0	355	355	0.0	1.0
Pf7G8-2_000318700	PF3D7_1033400	k	compared	100.0	288	288	0.0	1.0
Pf7G8-2_000320000	PF3D7_1034700	k	compared	100.0	178	178	0.0	1.0
Pf7G8-2_000320700	PF3D7_1035400	k	compared	100.0	348	348	0.0	1.0
Pf7G8-2_000320800	PF3D7_1035500	k	compared	100.0	371	371	0.0	1.0
Pf7G8-2_000321000	PF3D7_1035700	k	compared	100.0	699	699	0.0	1.0
Pf7G8-2_000321100	PF3D7_1035800	k	compared	100.0	491	491	0.0	1.0
Pf7G8-2_000321200	PF3D7_1035900	k	compared	100.0	371	371	0.0	1.0
Pf7G8-2_000321300	PF3D7_1036000	k	compared	100.0	405	405	0.0	1.0
Pf7G8-2_000322100:pseudogene	PF3D7_1037000	j	query_missing		0	2227		
Pf7G8-2_000322300:pseudogene	PF3D7_1037200	j	query_missing		0	708		
Pf7G8-2_000324000	PF3D7_1038900	k	compared	100.0	359	359	0.0	1.0
Pf7G8-2_000287000	PF3D7_1001200	k	compared	100.0	90	90	0.0	1.0
Pf7G8-2_000287300	PF3D7_1001500	k	compared	100.0	107	107	0.0	1.0
Pf7G8-2_000289100	PF3D7_1003300	k	compared	100.0	152	152	0.0	1.0
Pf7G8-2_000289600	PF3D7_1003800	k	compared	100.0	1236	1236	0.0	1.0
Pf7G8-2_000290100	PF3D7_1004300	k	compared	100.0	1139	1139	0.0	1.0
Pf7G8-2_000290300	PF3D7_1004500	k	compared	100.0	202	202	0.0	1.0
Pf7G8-2_000291300	PF3D7_1005500	k	compared	100.0	1576	1576	0.0	1.0
Pf7G8-2_000291400	PF3D7_1005600	k	compared	100.0	792	792	0.0	1.0
Pf7G8-2_000292400	PF3D7_1006600	k	compared	100.0	193	193	0.0	1.0
Pf7G8-2_000294500	PF3D7_1008800	k	compared	100.0	469	469	0.0	1.0
Pf7G8-2_000295400	PF3D7_1009700	k	compared	100.0	553	553	0.0	1.0
-	PF3D7_1010400	u	query_missing		0	30		
Pf7G8-2_000296400	PF3D7_1010800	k	compared	100.0	299	299	0.0	1.0
Pf7G8-2_000297000	PF3D7_1011400	k	compared	100.0	271	271	0.0	1.0
Pf7G8-2_000297100	PF3D7_1011500	k	compared	100.0	175	175	0.0	1.0
Pf7G8-2_000298000	PF3D7_1012400	k	compared	100.0	194	194	0.0	1.0
Pf7G8-2_000298100	PF3D7_1012500	k	compared	100.0	593	593	0.0	1.0
Pf7G8-2_000298200	PF3D7_1012600	k	compared	100.0	555	555	0.0	1.0
Pf7G8-2_000298900	PF3D7_1013300	k	compared	100.0	628	628	0.0	1.0
Pf7G8-2_000299000:pseudogene	PF3D7_1013400	j	both_missing		0	0		
Pf7G8-2_000300700	PF3D7_1015100	k	compared	100.0	396	396	0.0	1.0
Pf7G8-2_000302300	PF3D7_1016700	j	compared	100.0	762	762	0.0	1.0
Pf7G8-2_000302500	PF3D7_1016900	k	compared	100.0	108	108	0.0	1.0
Pf7G8-2_000302700	PF3D7_1017100	k	compared	100.0	310	310	0.0	1.0
Pf7G8-2_000304900	PF3D7_1019300	k	compared	100.0	17	17	0.0	1.0
Pf7G8-2_000305500	PF3D7_1019900	k	compared	100.0	124	124	0.0	1.0
Pf7G8-2_000306900	PF3D7_1021300	k	both_missing		0	0		
Pf7G8-2_000308100	PF3D7_1022500	k	compared	100.0	563	563	0.0	1.0
Pf7G8-2_000308300	PF3D7_1022700	k	compared	100.0	275	275	0.0	1.0
Pf7G8-2_000308600	PF3D7_1023000	k	compared	100.0	413	413	0.0	1.0
Pf7G8-2_000309500	PF3D7_1023900	k	compared	100.0	3315	3315	0.0	1.0
Pf7G8-2_000309800	PF3D7_1024200	k	compared	100.0	160	160	0.0	1.0
Pf7G8-2_000310200:pseudogene	PF3D7_1024600	j	query_missing		0	15		
Pf7G8-2_000311000	PF3D7_1025400	m	compared	100.0	38	38	0.0	1.0
Pf7G8-2_000311100:pseudogene	PF3D7_1025500	j	query_missing		0	16		
Pf7G8-2_000311500	PF3D7_1025900	j	compared	100.0	11	11	0.0	1.0
Pf7G8-2_000312000	PF3D7_1026500	k	compared	100.0	70	70	0.0	1.0
Pf7G8-2_000312100	PF3D7_1026600	k	compared	100.0	1713	1713	0.0	1.0
Pf7G8-2_000312500	PF3D7_1027100	k	compared	100.0	767	767	0.0	1.0
Pf7G8-2_000313200	PF3D7_1027800	k	compared	100.0	386	386	0.0	1.0
Pf7G8-2_000313600	PF3D7_1028200	k	compared	100.0	274	274	0.0	1.0
Pf7G8-2_000313700	PF3D7_1028300	k	compared	100.0	315	315	0.0	1.0
Pf7G8-2_000314700	PF3D7_1029400	k	compared	100.0	501	501	0.0	1.0
Pf7G8-2_000315100	PF3D7_1029800	k	compared	100.0	437	437	0.0	1.0
Pf7G8-2_000315500	PF3D7_1030200	k	compared	100.0	454	454	0.0	1.0
Pf7G8-2_000315600	PF3D7_1030300	k	compared	100.0	1103	1103	0.0	1.0
Pf7G8-2_000316300	PF3D7_1031000	k	compared	100.0	217	217	0.0	1.0
Pf7G8-2_000317200:pseudogene	PF3D7_1031900	j	query_missing		0	79		
Pf7G8-2_000317300:pseudogene	PF3D7_1032000	o	query_missing		0	16		
Pf7G8-2_000317700:pseudogene	PF3D7_1032400	j	both_missing		0	0		
Pf7G8-2_000318000	PF3D7_1032700	k	compared	100.0	533	533	0.0	1.0
Pf7G8-2_000318400	PF3D7_1033100	k	compared	100.0	1419	1419	0.0	1.0
Pf7G8-2_000319700	PF3D7_1034400	k	compared	100.0	631	631	0.0	1.0
Pf7G8-2_000319900	PF3D7_1034600	k	compared	100.0	310	310	0.0	1.0
Pf7G8-2_000321800	PF3D7_1036700	j	both_missing		0	0		
Pf7G8-2_000322000:pseudogene	PF3D7_1036900	o	query_missing		0	70		
Pf7G8-2_000322400	PF3D7_1037300	k	compared	100.0	301	301	0.0	1.0
Pf7G8-2_000371100	PF3D7_1148900	k	compared	100.0	89	89	0.0	1.0
Pf7G8-2_000371200:pseudogene	PF3D7_1149000	o	query_missing		0	6082		
Pf7G8-2_000324700	PF3D7_0732300	j	compared	98.52507374631269	334	339	5.0	0.9852507374631269
Pf7G8-2_000326300	PF3D7_1102700	k	compared	100.0	91	91	0.0	1.0
Pf7G8-2_000327200	PF3D7_1103600	k	compared	100.0	499	499	0.0	1.0
Pf7G8-2_000327300	PF3D7_1103700	k	compared	100.0	245	245	0.0	1.0
Pf7G8-2_000327500	PF3D7_1103900	k	compared	100.0	61	61	0.0	1.0
Pf7G8-2_000328400	PF3D7_1104800	k	compared	100.0	417	417	0.0	1.0
Pf7G8-2_000328700	PF3D7_1105100	k	compared	100.0	117	117	0.0	1.0
Pf7G8-2_000329300	PF3D7_1105700	k	compared	100.0	506	506	0.0	1.0
Pf7G8-2_000329400	PF3D7_1105800	k	compared	100.0	266	266	0.0	1.0
Pf7G8-2_000330000	PF3D7_1106400	k	compared	100.0	116	116	0.0	1.0
Pf7G8-2_000331800	PF3D7_1108200	k	compared	100.0	164	164	0.0	1.0
Pf7G8-2_000332000	PF3D7_1108400	k	compared	100.0	335	335	0.0	1.0
Pf7G8-2_000332500	PF3D7_1108900	k	compared	100.0	463	463	0.0	1.0
Pf7G8-2_000333700	PF3D7_1110700	j	compared	95.25065963060686	362	378	16.0	0.9576719576719577
Pf7G8-2_000335400	PF3D7_1112400	k	compared	100.0	191	191	0.0	1.0
Pf7G8-2_000335500	PF3D7_1112500	k	compared	100.0	278	278	0.0	1.0
Pf7G8-2_000335900	PF3D7_1113000	j	compared	99.31231130493123	5927	5956	29.0	0.9951309603760914
Pf7G8-2_000336200	PF3D7_1113300	k	compared	100.0	343	343	0.0	1.0
Pf7G8-2_000336400	PF3D7_1113500	k	compared	100.0	698	698	0.0	1.0
Pf7G8-2_000336500	PF3D7_1113600	k	compared	100.0	376	376	0.0	1.0
Pf7G8-2_000336600	PF3D7_1113700	k	compared	100.0	356	356	0.0	1.0
Pf7G8-2_000337300	PF3D7_1114500	k	compared	100.0	428	428	0.0	1.0
Pf7G8-2_000337500	PF3D7_1114700	k	compared	100.0	699	699	0.0	1.0
Pf7G8-2_000339300	PF3D7_1116500	k	compared	100.0	455	455	0.0	1.0
Pf7G8-2_000339900	PF3D7_1117100	k	compared	100.0	465	465	0.0	1.0
Pf7G8-2_000340100	PF3D7_1117300	k	compared	100.0	128	128	0.0	1.0
Pf7G8-2_000340200	PF3D7_1117400	k	compared	100.0	397	397	0.0	1.0
Pf7G8-2_000341300	PF3D7_1118500	k	compared	100.0	594	594	0.0	1.0
Pf7G8-2_000342500	PF3D7_1119700	k	compared	100.0	352	352	0.0	1.0
Pf7G8-2_000343600	PF3D7_1120800	o	compared	19.428571428571427	126	83	43.0	0.6587301587301587
Pf7G8-2_000343600	PF3D7_1120900	k	compared	93.65079365079364	126	118	8.0	0.9365079365079365
Pf7G8-2_000344400	PF3D7_1121700	k	compared	100.0	815	815	0.0	1.0
Pf7G8-2_000346000	PF3D7_1123300	k	compared	100.0	704	704	0.0	1.0
Pf7G8-2_000346100	PF3D7_1123400	k	compared	100.0	555	555	0.0	1.0
Pf7G8-2_000346300	PF3D7_1123600	k	compared	100.0	707	707	0.0	1.0
Pf7G8-2_000347200	PF3D7_1124500	k	compared	100.0	608	608	0.0	1.0
Pf7G8-2_000348800	PF3D7_1125900	k	compared	100.0	93	93	0.0	1.0
Pf7G8-2_000351100	PF3D7_1128200	k	compared	100.0	136	136	0.0	1.0
Pf7G8-2_000351600	PF3D7_1128700	k	compared	100.0	487	487	0.0	1.0
Pf7G8-2_000352000	PF3D7_1129100	k	compared	100.0	452	452	0.0	1.0
Pf7G8-2_000352700	PF3D7_1129800	k	compared	100.0	282	282	0.0	1.0
Pf7G8-2_000352800	PF3D7_1129900	k	compared	100.0	609	609	0.0	1.0
Pf7G8-2_000353100	PF3D7_1130200	k	compared	100.0	316	316	0.0	1.0
Pf7G8-2_000353200	PF3D7_1130400	k	compared	100.0	439	439	0.0	1.0
Pf7G8-2_000353400	PF3D7_1130600	k	compared	100.0	888	888	0.0	1.0
Pf7G8-2_000355100	PF3D7_1132300	k	compared	100.0	273	273	0.0	1.0
Pf7G8-2_000355500	PF3D7_1132700	k	compared	100.0	333	333	0.0	1.0
Pf7G8-2_000355600	PF3D7_1132800	k	compared	100.0	258	258	0.0	1.0
Pf7G8-2_000355700	PF3D7_1132900	k	compared	100.0	200	200	0.0	1.0
Pf7G8-2_000355800	PF3D7_1133000	k	compared	100.0	29	29	0.0	1.0
Pf7G8-2_000356100	PF3D7_1133300	k	compared	100.0	366	366	0.0	1.0
Pf7G8-2_000356200	PF3D7_1133400	k	compared	100.0	622	622	0.0	1.0
Pf7G8-2_000356800	PF3D7_1134000	k	compared	100.0	663	663	0.0	1.0
Pf7G8-2_000358600	PF3D7_1135800	k	compared	100.0	159	159	0.0	1.0
Pf7G8-2_000359900	PF3D7_1137100	k	compared	100.0	300	300	0.0	1.0
Pf7G8-2_000360900	PF3D7_1138100	k	compared	100.0	126	126	0.0	1.0
Pf7G8-2_000361300	PF3D7_1138500	k	compared	100.0	919	919	0.0	1.0
Pf7G8-2_000361700	PF3D7_1139100	k	compared	100.0	1796	1796	0.0	1.0
Pf7G8-2_000362800	PF3D7_1140300	k	compared	100.0	361	361	0.0	1.0
Pf7G8-2_000363300	PF3D7_1140800	k	compared	100.0	795	795	0.0	1.0
Pf7G8-2_000365400	PF3D7_1142900	k	compared	100.0	507	507	0.0	1.0
Pf7G8-2_000366300	PF3D7_1143800	k	compared	100.0	904	904	0.0	1.0
Pf7G8-2_000366500	PF3D7_1144000	k	compared	100.0	82	82	0.0	1.0
Pf7G8-2_000367000	PF3D7_1144500	k	compared	100.0	338	338	0.0	1.0
Pf7G8-2_000367100	PF3D7_1144600	k	compared	100.0	317	317	0.0	1.0
Pf7G8-2_000368200	PF3D7_1145700	k	compared	100.0	389	389	0.0	1.0
Pf7G8-2_000369700	PF3D7_1147300	k	compared	100.0	1361	1361	0.0	1.0
Pf7G8-2_000326000	PF3D7_1102400	k	compared	100.0	658	658	0.0	1.0
Pf7G8-2_000326100	PF3D7_1102500	k	compared	100.0	570	570	0.0	1.0
Pf7G8-2_000326400	PF3D7_1102800	k	compared	100.0	94	94	0.0	1.0
Pf7G8-2_000328600	PF3D7_1105000	k	compared	100.0	103	103	0.0	1.0
Pf7G8-2_000329200	PF3D7_1105600	k	compared	100.0	777	777	0.0	1.0
Pf7G8-2_000329600	PF3D7_1106000	k	compared	100.0	475	475	0.0	1.0
Pf7G8-2_000329900:pseudogene	PF3D7_1106300	o	query_missing		0	22		
Pf7G8-2_000330900	PF3D7_1107300	k	compared	100.0	3320	3320	0.0	1.0
Pf7G8-2_000331000	PF3D7_1107400	k	compared	100.0	350	350	0.0	1.0
Pf7G8-2_000332200	PF3D7_1108600	k	compared	100.0	343	343	0.0	1.0
Pf7G8-2_000332300	PF3D7_1108700	k	compared	100.0	540	540	0.0	1.0
Pf7G8-2_000332800	PF3D7_1109400	k	both_missing		0	0		
Pf7G8-2_000334100	PF3D7_1111100	k	compared	100.0	349	349	0.0	1.0
Pf7G8-2_000334400	PF3D7_1111400	k	compared	100.0	188	188	0.0	1.0
-	PF3D7_1112900	u	both_missing		0	0		
Pf7G8-2_000336000	PF3D7_1113100	k	compared	100.0	218	218	0.0	1.0
Pf7G8-2_000336700	PF3D7_1113800	k	compared	100.0	704	704	0.0	1.0
Pf7G8-2_000338100	PF3D7_1115300	k	compared	100.0	484	484	0.0	1.0
Pf7G8-2_000338200	PF3D7_1115400	k	compared	100.0	492	492	0.0	1.0
Pf7G8-2_000338500	PF3D7_1115700	k	compared	100.0	484	484	0.0	1.0
Pf7G8-2_000338600	PF3D7_1115800	k	compared	100.0	304	304	0.0	1.0
Pf7G8-2_000339200	PF3D7_1116400	k	compared	100.0	485	485	0.0	1.0
Pf7G8-2_000339500	PF3D7_1116700	k	compared	100.0	700	700	0.0	1.0
Pf7G8-2_000340500	PF3D7_1117700	k	both_missing		0	0		
Pf7G8-2_000341200	PF3D7_1118400	k	compared	100.0	306	306	0.0	1.0
Pf7G8-2_000341800	PF3D7_1119000	k	compared	100.0	373	373	0.0	1.0
Pf7G8-2_000342100	PF3D7_1119300	k	compared	100.0	294	294	0.0	1.0
Pf7G8-2_000342600	PF3D7_1119800	k	compared	100.0	200	200	0.0	1.0
Pf7G8-2_000343200	PF3D7_1120400	j	ref_missing		14	0		
Pf7G8-2_000344300	PF3D7_1121600	k	compared	100.0	15	15	0.0	1.0
Pf7G8-2_000345400	PF3D7_1122700	k	compared	100.0	254	254	0.0	1.0
Pf7G8-2_000345700	PF3D7_1123000	k	compared	100.0	2484	2484	0.0	1.0
Pf7G8-2_000347300	PF3D7_1124600	k	compared	100.0	423	423	0.0	1.0
Pf7G8-2_000348400	PF3D7_1125500	k	compared	100.0	126	126	0.0	1.0
Pf7G8-2_000349600	PF3D7_1126700	k	both_missing		0	0		
Pf7G8-2_000350000	PF3D7_1127100	k	compared	100.0	173	173	0.0	1.0
Pf7G8-2_000350200	PF3D7_1127300	k	compared	100.0	293	293	0.0	1.0
Pf7G8-2_000351300	PF3D7_1128400	k	both_missing		0	0		
Pf7G8-2_000351500	PF3D7_1128600	k	compared	100.0	559	559	0.0	1.0
Pf7G8-2_000352300	PF3D7_1129400	k	compared	100.0	634	634	0.0	1.0
Pf7G8-2_000352600	PF3D7_1129700	k	compared	100.0	180	180	0.0	1.0
Pf7G8-2_000353000	PF3D7_1130100	k	compared	100.0	87	87	0.0	1.0
Pf7G8-2_000353800	PF3D7_1131000	k	compared	100.0	158	158	0.0	1.0
Pf7G8-2_000354100	PF3D7_1131300	k	compared	100.0	557	557	0.0	1.0
Pf7G8-2_000356900	PF3D7_1134100	k	compared	100.0	423	423	0.0	1.0
Pf7G8-2_000357400	PF3D7_1134600	k	compared	100.0	1722	1722	0.0	1.0
Pf7G8-2_000357900	PF3D7_1135100	k	compared	100.0	689	689	0.0	1.0
Pf7G8-2_000358100	PF3D7_1135300	k	compared	100.0	409	409	0.0	1.0
Pf7G8-2_000358200	PF3D7_1135400	k	compared	100.0	245	245	0.0	1.0
Pf7G8-2_000359200	PF3D7_1136400	k	compared	100.0	889	889	0.0	1.0
Pf7G8-2_000360000	PF3D7_1137200	k	compared	100.0	415	415	0.0	1.0
Pf7G8-2_000360100	PF3D7_1137300	k	compared	100.0	687	687	0.0	1.0
Pf7G8-2_000360200	PF3D7_1137400	k	compared	100.0	425	425	0.0	1.0
Pf7G8-2_000361100	PF3D7_1138300	k	compared	100.0	144	144	0.0	1.0
-	PF3D7_1138350	u	query_missing		0	26		
Pf7G8-2_000362200	PF3D7_1139700	k	compared	100.0	505	505	0.0	1.0
Pf7G8-2_000363200	PF3D7_1140700	k	compared	100.0	2255	2255	0.0	1.0
Pf7G8-2_000365100	PF3D7_1142600	k	compared	100.0	14	14	0.0	1.0
Pf7G8-2_000365200	PF3D7_1142700	k	compared	100.0	620	620	0.0	1.0
Pf7G8-2_000365800	PF3D7_1143300	k	compared	100.0	333	333	0.0	1.0
Pf7G8-2_000366100	PF3D7_1143600	k	compared	100.0	313	313	0.0	1.0
Pf7G8-2_000367700	PF3D7_1145200	k	compared	100.0	2004	2004	0.0	1.0
Pf7G8-2_000368800:pseudogene	PF3D7_1146300	k	both_missing		0	0		
Pf7G8-2_000370300	PF3D7_1147900	k	compared	100.0	217	217	0.0	1.0
Pf7G8-2_000007600	PF3D7_1201500	k	compared	100.0	499	499	0.0	1.0
Pf7G8-2_000010800	PF3D7_1204900	k	compared	100.0	130	130	0.0	1.0
Pf7G8-2_000011200	PF3D7_1205300	k	compared	100.0	314	314	0.0	1.0
Pf7G8-2_000011600	PF3D7_1205700	k	compared	100.0	322	322	0.0	1.0
Pf7G8-2_000012300	PF3D7_1206400	k	compared	100.0	346	346	0.0	1.0
Pf7G8-2_000014500	PF3D7_1208600	k	compared	100.0	75	75	0.0	1.0
Pf7G8-2_000014800	PF3D7_1208900	k	compared	100.0	1442	1442	0.0	1.0
Pf7G8-2_000015300	PF3D7_1209400	k	compared	100.0	780	780	0.0	1.0
Pf7G8-2_000016200	PF3D7_1210300	k	compared	100.0	209	209	0.0	1.0
Pf7G8-2_000018200	PF3D7_1212400	k	compared	100.0	340	340	0.0	1.0
Pf7G8-2_000018600	PF3D7_1212800	k	compared	100.0	321	321	0.0	1.0
Pf7G8-2_000018900	PF3D7_1213200	k	compared	100.0	278	278	0.0	1.0
Pf7G8-2_000019300	PF3D7_1213600	k	compared	100.0	93	93	0.0	1.0
Pf7G8-2_000020400	PF3D7_1214700	k	compared	100.0	154	154	0.0	1.0
Pf7G8-2_000020700	PF3D7_1215000	k	compared	100.0	216	216	0.0	1.0
Pf7G8-2_000020900	PF3D7_1215200	k	compared	100.0	280	280	0.0	1.0
Pf7G8-2_000022600	PF3D7_1216900	k	compared	100.0	945	945	0.0	1.0
Pf7G8-2_000023700	PF3D7_1218000	k	compared	100.0	352	352	0.0	1.0
Pf7G8-2_000024000	PF3D7_1218300	k	compared	100.0	621	621	0.0	1.0
Pf7G8-2_000025600	PF3D7_1219900	k	compared	100.0	227	227	0.0	1.0
Pf7G8-2_000025800	PF3D7_1220100	k	compared	100.0	618	618	0.0	1.0
Pf7G8-2_000026000	PF3D7_1220400	k	compared	100.0	522	522	0.0	1.0
Pf7G8-2_000026900	PF3D7_1221400	k	compared	100.0	524	524	0.0	1.0
Pf7G8-2_000027300	PF3D7_1221800	k	compared	100.0	702	702	0.0	1.0
Pf7G8-2_000028100	PF3D7_1222700	k	compared	100.0	204	204	0.0	1.0
Pf7G8-2_000006800	PF3D7_1200700	k	compared	100.0	926	926	0.0	1.0
Pf7G8-2_000007700	PF3D7_1201600	k	compared	100.0	347	347	0.0	1.0
Pf7G8-2_000007800	PF3D7_1201700	k	compared	100.0	247	247	0.0	1.0
Pf7G8-2_000007900	PF3D7_1201800	k	compared	100.0	218	218	0.0	1.0
Pf7G8-2_000008300	PF3D7_1202200	k	compared	100.0	324	324	0.0	1.0
Pf7G8-2_000009000	PF3D7_1202900	k	compared	100.0	97	97	0.0	1.0
Pf7G8-2_000010300	PF3D7_1204300	k	compared	100.0	161	161	0.0	1.0
Pf7G8-2_000010500	PF3D7_1204500	k	compared	100.0	279	279	0.0	1.0
Pf7G8-2_000011900	PF3D7_1206000	k	compared	100.0	304	304	0.0	1.0
Pf7G8-2_000012600	PF3D7_1206700	k	compared	100.0	567	567	0.0	1.0
Pf7G8-2_000013000	PF3D7_1207100	k	compared	100.0	840	840	0.0	1.0
Pf7G8-2_000013500	PF3D7_1207600	k	compared	100.0	601	601	0.0	1.0
Pf7G8-2_000015700	PF3D7_1209800	k	compared	100.0	189	189	0.0	1.0
Pf7G8-2_000016000	PF3D7_1210100	k	compared	100.0	310	310	0.0	1.0
Pf7G8-2_000016500	PF3D7_1210600	k	compared	100.0	1065	1065	0.0	1.0
Pf7G8-2_000017300	PF3D7_1211500	k	compared	100.0	387	387	0.0	1.0
Pf7G8-2_000017700	PF3D7_1211900	k	compared	100.0	1264	1264	0.0	1.0
Pf7G8-2_000018000	PF3D7_1212200	k	compared	100.0	735	735	0.0	1.0
Pf7G8-2_000018300	PF3D7_1212500	k	compared	100.0	583	583	0.0	1.0
Pf7G8-2_000018500	PF3D7_1212700	k	compared	100.0	1375	1375	0.0	1.0
Pf7G8-2_000018700	PF3D7_1212900	k	compared	100.0	1092	1092	0.0	1.0
Pf7G8-2_000019500	PF3D7_1213800	k	compared	100.0	747	747	0.0	1.0
Pf7G8-2_000019700	PF3D7_1214000	k	both_missing		0	0		
Pf7G8-2_000021100	PF3D7_1215400	k	compared	100.0	612	612	0.0	1.0
Pf7G8-2_000022000	PF3D7_1216300	k	compared	100.0	152	152	0.0	1.0
Pf7G8-2_000022200	PF3D7_1216500	k	compared	100.0	221	221	0.0	1.0
Pf7G8-2_000022700	PF3D7_1217000	k	compared	100.0	142	142	0.0	1.0
Pf7G8-2_000023100	PF3D7_1217400	k	compared	100.0	848	848	0.0	1.0
Pf7G8-2_000023500	PF3D7_1217800	k	compared	100.0	80	80	0.0	1.0
Pf7G8-2_000026100	PF3D7_1220500	k	compared	100.0	317	317	0.0	1.0
Pf7G8-2_000026400	PF3D7_1220900	k	compared	100.0	266	266	0.0	1.0
Pf7G8-2_000027400	PF3D7_1221900	k	compared	100.0	876	876	0.0	1.0
Pf7G8-2_000027700	PF3D7_1222300	k	compared	100.0	821	821	0.0	1.0
Pf7G8-2_000373000	PF3D7_1224000	k	compared	100.0	389	389	0.0	1.0
Pf7G8-2_000374100	PF3D7_1224300	k	compared	100.0	875	875	0.0	1.0
Pf7G8-2_000374600	PF3D7_1224800	k	compared	100.0	320	320	0.0	1.0
Pf7G8-2_000374900:pseudogene	PF3D7_1225100	j	query_missing		0	1698		
Pf7G8-2_000375900	PF3D7_1226100	k	compared	100.0	316	316	0.0	1.0
Pf7G8-2_000376100	PF3D7_1226300	k	compared	100.0	295	295	0.0	1.0
Pf7G8-2_000376500	PF3D7_1226700	k	compared	100.0	636	636	0.0	1.0
Pf7G8-2_000377800	PF3D7_1228000	k	compared	100.0	147	147	0.0	1.0
Pf7G8-2_000379200	PF3D7_1229500	k	compared	100.0	542	542	0.0	1.0
Pf7G8-2_000380400	PF3D7_1230700	k	compared	100.0	836	836	0.0	1.0
Pf7G8-2_000380500	PF3D7_1230800	k	compared	100.0	584	584	0.0	1.0
Pf7G8-2_000380800	PF3D7_1231100	j	compared	85.20179372197309	200	213	13.0	0.9389671361502347
Pf7G8-2_000381200	PF3D7_1231500	k	compared	100.0	139	139	0.0	1.0
Pf7G8-2_000381500	PF3D7_1231800	k	compared	100.0	1830	1830	0.0	1.0
Pf7G8-2_000381900	PF3D7_1232200	k	compared	100.0	512	512	0.0	1.0
Pf7G8-2_000382300	PF3D7_1232600	k	compared	100.0	358	358	0.0	1.0
Pf7G8-2_000382400	PF3D7_1232700	k	compared	100.0	833	833	0.0	1.0
-	PF3D7_1233050	u	query_missing		0	32		
Pf7G8-2_000382800	PF3D7_1233100	k	compared	100.0	135	135	0.0	1.0
Pf7G8-2_000384800	PF3D7_1235300	k	compared	100.0	1661	1661	0.0	1.0
Pf7G8-2_000385100	PF3D7_1235600	k	compared	100.0	442	442	0.0	1.0
Pf7G8-2_000385200	PF3D7_1235700	k	compared	100.0	535	535	0.0	1.0
Pf7G8-2_000385500	PF3D7_1236000	k	compared	100.0	410	410	0.0	1.0
Pf7G8-2_000385800	PF3D7_1236300	k	compared	100.0	425	425	0.0	1.0
-	PF3D7_1236650	u	query_missing		0	58		
Pf7G8-2_000388300	PF3D7_1238800	k	compared	100.0	793	793	0.0	1.0
Pf7G8-2_000388800	PF3D7_1239300	k	compared	100.0	205	205	0.0	1.0
Pf7G8-2_000389200	PF3D7_1239700	k	compared	100.0	881	881	0.0	1.0
Pf7G8-2_000390100:pseudogene	PF3D7_1240600	k	query_missing		0	2185		
Pf7G8-2_000391300	PF3D7_1241900	k	compared	100.0	675	675	0.0	1.0
Pf7G8-2_000391500	PF3D7_1242100	k	compared	100.0	68	68	0.0	1.0
Pf7G8-2_000391900	PF3D7_1242500	k	compared	100.0	381	381	0.0	1.0
Pf7G8-2_000392400	PF3D7_1243000	k	compared	100.0	302	302	0.0	1.0
Pf7G8-2_000392800	PF3D7_1243400	k	compared	100.0	443	443	0.0	1.0
Pf7G8-2_000393100	PF3D7_1243700	k	compared	100.0	486	486	0.0	1.0
Pf7G8-2_000394200	PF3D7_1244900	j	compared	97.24409448818898	741	762	21.0	0.9724409448818898
Pf7G8-2_000394700	PF3D7_1245400	k	compared	100.0	341	341	0.0	1.0
Pf7G8-2_000395100	PF3D7_1245900	k	compared	100.0	311	311	0.0	1.0
Pf7G8-2_000395400	PF3D7_1246200	k	compared	100.0	376	376	0.0	1.0
Pf7G8-2_000395600	PF3D7_1246400	k	compared	100.0	204	204	0.0	1.0
Pf7G8-2_000395800	PF3D7_1246600	k	compared	100.0	405	405	0.0	1.0
Pf7G8-2_000395900	PF3D7_1246700	k	compared	100.0	441	441	0.0	1.0
Pf7G8-2_000397000:pseudogene	PF3D7_1247800	o	query_missing		0	590		
Pf7G8-2_000397100	PF3D7_1247900	k	compared	100.0	212	212	0.0	1.0
Pf7G8-2_000397200	PF3D7_1248000	k	compared	100.0	220	220	0.0	1.0
Pf7G8-2_000399200	PF3D7_1250000	k	compared	100.0	168	168	0.0	1.0
Pf7G8-2_000400800	PF3D7_1251600	k	compared	100.0	706	706	0.0	1.0
Pf7G8-2_000401700	PF3D7_1252600	k	compared	100.0	453	453	0.0	1.0
Pf7G8-2_000403100:pseudogene	PF3D7_1000500	k	query_missing		0	369		
Pf7G8-2_000373700	PF3D7_1223900	k	compared	100.0	227	227	0.0	1.0
Pf7G8-2_000373900	PF3D7_1224100	k	compared	100.0	27	27	0.0	1.0
Pf7G8-2_000375200	PF3D7_1225400	k	compared	100.0	246	246	0.0	1.0
Pf7G8-2_000376000	PF3D7_1226200	k	compared	100.0	592	592	0.0	1.0
Pf7G8-2_000376800	PF3D7_1227000	k	compared	100.0	163	163	0.0	1.0
Pf7G8-2_000376900	PF3D7_1227100	k	compared	100.0	738	738	0.0	1.0
Pf7G8-2_000377300:pseudogene	PF3D7_1227500	o	both_missing		0	0		
Pf7G8-2_000378900	PF3D7_1229100	k	compared	100.0	2121	2121	0.0	1.0
Pf7G8-2_000380200	PF3D7_1230500	k	compared	100.0	502	502	0.0	1.0
Pf7G8-2_000380900	PF3D7_1231200	k	compared	100.0	383	383	0.0	1.0
Pf7G8-2_000381300	PF3D7_1231600	k	compared	100.0	1186	1186	0.0	1.0
Pf7G8-2_000382100	PF3D7_1232400	k	compared	100.0	368	368	0.0	1.0
Pf7G8-2_000383400	PF3D7_1233800	k	compared	100.0	163	163	0.0	1.0
Pf7G8-2_000384000	PF3D7_1234500	k	compared	100.0	386	386	0.0	1.0
Pf7G8-2_000385300:pseudogene	PF3D7_1235800	j	query_missing		0	53		
Pf7G8-2_000385600	PF3D7_1236100	k	compared	100.0	444	444	0.0	1.0
Pf7G8-2_000385700	PF3D7_1236200	k	compared	100.0	1469	1469	0.0	1.0
Pf7G8-2_000386400	PF3D7_1236900	k	compared	100.0	68	68	0.0	1.0
Pf7G8-2_000387600	PF3D7_1238100	k	compared	100.0	228	228	0.0	1.0
Pf7G8-2_000388100	PF3D7_1238600	k	compared	100.0	393	393	0.0	1.0
Pf7G8-2_000388400	PF3D7_1238900	k	compared	100.0	512	512	0.0	1.0
Pf7G8-2_000388500	PF3D7_1239000	k	compared	100.0	827	827	0.0	1.0
Pf7G8-2_000389100	PF3D7_1239600	k	compared	100.0	302	302	0.0	1.0
Pf7G8-2_000389600	PF3D7_1240100	k	compared	100.0	105	105	0.0	1.0
Pf7G8-2_000390900	PF3D7_1241500	k	compared	100.0	420	420	0.0	1.0
Pf7G8-2_000391200	PF3D7_1241800	k	compared	100.0	903	903	0.0	1.0
Pf7G8-2_000392500	PF3D7_1243100	k	compared	100.0	242	242	0.0	1.0
Pf7G8-2_000393600	PF3D7_1244200	k	compared	100.0	938	938	0.0	1.0
Pf7G8-2_000393900	PF3D7_1244600	k	compared	100.0	332	332	0.0	1.0
Pf7G8-2_000396400	PF3D7_1247200	k	compared	100.0	174	174	0.0	1.0
Pf7G8-2_000396600	PF3D7_1247400	k	compared	100.0	304	304	0.0	1.0
Pf7G8-2_000397500	PF3D7_1248300	k	compared	100.0	137	137	0.0	1.0
Pf7G8-2_000397700	PF3D7_1248500	k	compared	100.0	289	289	0.0	1.0
Pf7G8-2_000398100	PF3D7_1248900	k	compared	100.0	435	435	0.0	1.0
Pf7G8-2_000398600	PF3D7_1249400	k	compared	100.0	143	143	0.0	1.0
Pf7G8-2_000398900	PF3D7_1249700	k	compared	100.0	914	914	0.0	1.0
Pf7G8-2_000399800	PF3D7_1250600	k	compared	100.0	679	679	0.0	1.0
Pf7G8-2_000400100	PF3D7_1250900	k	compared	100.0	327	327	0.0	1.0
Pf7G8-2_000474000	PF3D7_1372200	k	compared	100.0	218	218	0.0	1.0
Pf7G8-2_000406500	PF3D7_1303300	k	compared	100.0	320	320	0.0	1.0
Pf7G8-2_000407500	PF3D7_1304300	k	compared	100.0	213	213	0.0	1.0
Pf7G8-2_000409200	PF3D7_1306100	k	compared	100.0	132	132	0.0	1.0
Pf7G8-2_000411100	PF3D7_1308000	k	compared	100.0	831	831	0.0	1.0
Pf7G8-2_000411200	PF3D7_1308100	k	compared	100.0	152	152	0.0	1.0
Pf7G8-2_000411800	PF3D7_1308700	k	compared	100.0	607	607	0.0	1.0
Pf7G8-2_000412200	PF3D7_1309100	k	compared	100.0	162	162	0.0	1.0
Pf7G8-2_000412700	PF3D7_1309600	k	compared	100.0	288	288	0.0	1.0
Pf7G8-2_000413000	PF3D7_1309900	k	compared	100.0	225	225	0.0	1.0
Pf7G8-2_000413600	PF3D7_1310400	k	compared	100.0	1133	1133	0.0	1.0
Pf7G8-2_000414100	PF3D7_1310900	k	compared	100.0	303	303	0.0	1.0
Pf7G8-2_000414600	PF3D7_1311400	k	compared	100.0	437	437	0.0	1.0
Pf7G8-2_000414800	PF3D7_1311600	k	compared	100.0	613	613	0.0	1.0
Pf7G8-2_000415000	PF3D7_1311800	k	compared	100.0	1085	1085	0.0	1.0
Pf7G8-2_000415100	PF3D7_1311900	k	compared	100.0	611	611	0.0	1.0
Pf7G8-2_000415200	PF3D7_1312000	k	compared	100.0	403	403	0.0	1.0
Pf7G8-2_000415900	PF3D7_1312600	k	compared	100.0	429	429	0.0	1.0
Pf7G8-2_000417400	PF3D7_1314100	k	compared	100.0	752	752	0.0	1.0
Pf7G8-2_000417900	PF3D7_1314600	k	compared	100.0	408	408	0.0	1.0
Pf7G8-2_000419000	PF3D7_1315700	k	compared	100.0	316	316	0.0	1.0
Pf7G8-2_000419500	PF3D7_1316200	k	compared	100.0	224	224	0.0	1.0
Pf7G8-2_000419800	PF3D7_1316500	k	compared	100.0	888	888	0.0	1.0
Pf7G8-2_000420300	PF3D7_1317000	k	compared	100.0	639	639	0.0	1.0
Pf7G8-2_000420700	PF3D7_1317400	k	compared	100.0	205	205	0.0	1.0
Pf7G8-2_000422200	PF3D7_1318900	k	compared	100.0	581	581	0.0	1.0
Pf7G8-2_000422300	PF3D7_1319000	k	compared	100.0	958	958	0.0	1.0
Pf7G8-2_000422800	PF3D7_1319500	k	compared	100.0	74	74	0.0	1.0
Pf7G8-2_000422900	PF3D7_1319600	k	compared	100.0	1616	1616	0.0	1.0
Pf7G8-2_000423100	PF3D7_1319800	k	compared	100.0	145	145	0.0	1.0
Pf7G8-2_000424700	PF3D7_1321400	k	compared	100.0	313	313	0.0	1.0
-	PF3D7_1322200	u	query_missing		0	3439		
Pf7G8-2_000426500	PF3D7_1323300	k	compared	100.0	345	345	0.0	1.0
Pf7G8-2_000426700	PF3D7_1323500	k	compared	100.0	590	590	0.0	1.0
Pf7G8-2_000427300	PF3D7_1324100	k	compared	100.0	513	513	0.0	1.0
Pf7G8-2_000428100	PF3D7_1324900	k	compared	100.0	316	316	0.0	1.0
Pf7G8-2_000430400	PF3D7_1327200	k	compared	100.0	252	252	0.0	1.0
Pf7G8-2_000430800	PF3D7_1327600	k	compared	100.0	204	204	0.0	1.0
Pf7G8-2_000431000	PF3D7_1327800	k	compared	100.0	560	560	0.0	1.0
Pf7G8-2_000431300	PF3D7_1328100	k	compared	100.0	270	270	0.0	1.0
Pf7G8-2_000431900	PF3D7_1328800	k	compared	100.0	273	273	0.0	1.0
Pf7G8-2_000434500	PF3D7_1331500	k	compared	100.0	635	635	0.0	1.0
Pf7G8-2_000435200	PF3D7_1332300	k	compared	100.0	163	163	0.0	1.0
Pf7G8-2_000435400	PF3D7_1332500	k	compared	100.0	218	218	0.0	1.0
Pf7G8-2_000435700	PF3D7_1332800	k	compared	100.0	247	247	0.0	1.0
Pf7G8-2_000436300	PF3D7_1333400	k	compared	91.53846153846153	238	260	22.0	0.9153846153846154
Pf7G8-2_000436700	PF3D7_1333800	k	compared	100.0	234	234	0.0	1.0
Pf7G8-2_000437100	PF3D7_1334200	k	compared	100.0	524	524	0.0	1.0
Pf7G8-2_000439400	PF3D7_1336800	k	compared	100.0	386	386	0.0	1.0
Pf7G8-2_000440500	PF3D7_1337900	k	compared	100.0	219	219	0.0	1.0
Pf7G8-2_000440900:pseudogene	PF3D7_1338300	k	query_missing		0	412		
Pf7G8-2_000441900	PF3D7_1339300	k	compared	100.0	275	275	0.0	1.0
Pf7G8-2_000443400	PF3D7_1340800	k	compared	100.0	106	106	0.0	1.0
Pf7G8-2_000443500	PF3D7_1340900	k	compared	100.0	663	663	0.0	1.0
Pf7G8-2_000444000	PF3D7_1341500	k	compared	100.0	504	504	0.0	1.0
Pf7G8-2_000444600	PF3D7_1342100	k	compared	100.0	909	909	0.0	1.0
Pf7G8-2_000444800	PF3D7_1342300	k	compared	100.0	263	263	0.0	1.0
Pf7G8-2_000445300	PF3D7_1342800	k	compared	100.0	583	583	0.0	1.0
Pf7G8-2_000445700	PF3D7_1343200	k	compared	100.0	517	517	0.0	1.0
Pf7G8-2_000446400	PF3D7_1343900	k	compared	100.0	648	648	0.0	1.0
Pf7G8-2_000446500	PF3D7_1344000	k	compared	100.0	841	841	0.0	1.0
Pf7G8-2_000446600	PF3D7_1344100	k	compared	100.0	805	805	0.0	1.0
Pf7G8-2_000446700	PF3D7_1344200	k	compared	100.0	932	932	0.0	1.0
Pf7G8-2_000447400	PF3D7_1344900	k	compared	100.0	1459	1459	0.0	1.0
Pf7G8-2_000448000	PF3D7_1345500	k	compared	100.0	278	278	0.0	1.0
Pf7G8-2_000449400	PF3D7_1346900	k	compared	100.0	251	251	0.0	1.0
Pf7G8-2_000449900	PF3D7_1347400	k	compared	100.0	139	139	0.0	1.0
Pf7G8-2_000451300:pseudogene	PF3D7_1348800	o	query_missing		0	1833		
Pf7G8-2_000452300	PF3D7_1349800	k	compared	100.0	439	439	0.0	1.0
Pf7G8-2_000452800	PF3D7_1350300	k	compared	100.0	304	304	0.0	1.0
Pf7G8-2_000456000	PF3D7_1353500	k	compared	100.0	326	326	0.0	1.0
Pf7G8-2_000456200	PF3D7_1353700	k	compared	100.0	168	168	0.0	1.0
Pf7G8-2_000456400	PF3D7_1353900	k	compared	100.0	241	241	0.0	1.0
Pf7G8-2_000457400	PF3D7_1354900	k	compared	100.0	639	639	0.0	1.0
Pf7G8-2_000457600	PF3D7_1355100	k	compared	100.0	929	929	0.0	1.0
Pf7G8-2_000457800	PF3D7_1355300	k	compared	100.0	509	509	0.0	1.0
Pf7G8-2_000458000	PF3D7_1355500	k	compared	100.0	658	658	0.0	1.0
Pf7G8-2_000458400	PF3D7_1355900	k	compared	100.0	405	405	0.0	1.0
Pf7G8-2_000459600	PF3D7_1357000	k	compared	100.0	443	443	0.0	1.0
Pf7G8-2_000459900	PF3D7_1357400	k	compared	100.0	1173	1173	0.0	1.0
Pf7G8-2_000460900	PF3D7_1358400	k	compared	100.0	139	139	0.0	1.0
Pf7G8-2_000461000	PF3D7_1358500	k	compared	100.0	619	619	0.0	1.0
Pf7G8-2_000461300	PF3D7_1358800	k	compared	100.0	151	151	0.0	1.0
Pf7G8-2_000462100	PF3D7_1359600	k	compared	100.0	1991	1991	0.0	1.0
Pf7G8-2_000463000:pseudogene	PF3D7_1360500	j	query_missing		0	3171		
Pf7G8-2_000464400	PF3D7_1362000	k	compared	100.0	199	199	0.0	1.0
Pf7G8-2_000464700	PF3D7_1362300	k	compared	100.0	189	189	0.0	1.0
Pf7G8-2_000466400	PF3D7_1364000	k	compared	100.0	827	827	0.0	1.0
Pf7G8-2_000466900	PF3D7_1364500	k	compared	100.0	477	477	0.0	1.0
Pf7G8-2_000467300	PF3D7_1365000	k	compared	100.0	348	348	0.0	1.0
Pf7G8-2_000467500	PF3D7_1365200	k	compared	100.0	51	51	0.0	1.0
Pf7G8-2_000468100:pseudogene	PF3D7_1365800	k	query_missing		0	329		
Pf7G8-2_000468300	PF3D7_1366000	k	compared	100.0	91	91	0.0	1.0
Pf7G8-2_000468400	PF3D7_1366100	k	compared	100.0	127	127	0.0	1.0
Pf7G8-2_000468500	PF3D7_1366200	k	compared	100.0	150	150	0.0	1.0
Pf7G8-2_000468800	PF3D7_1366500	k	compared	100.0	149	149	0.0	1.0
Pf7G8-2_000469000	PF3D7_1366700	k	compared	100.0	371	371	0.0	1.0
Pf7G8-2_000469400	PF3D7_1367100	k	compared	100.0	423	423	0.0	1.0
Pf7G8-2_000469800	PF3D7_1367500	k	compared	100.0	362	362	0.0	1.0
Pf7G8-2_000403900:pseudogene	PF3D7_0833400	k	query_missing		0	325		
Pf7G8-2_000405300	PF3D7_1302100	k	compared	100.0	217	217	0.0	1.0
Pf7G8-2_000405400	PF3D7_1302200	k	compared	100.0	229	229	0.0	1.0
Pf7G8-2_000406600	PF3D7_1303400	k	compared	100.0	1003	1003	0.0	1.0
Pf7G8-2_000407700	PF3D7_1304500	k	compared	100.0	211	211	0.0	1.0
Pf7G8-2_000408200	PF3D7_1305100	k	compared	100.0	420	420	0.0	1.0
Pf7G8-2_000409300	PF3D7_1306200	k	compared	100.0	478	478	0.0	1.0
Pf7G8-2_000409500	PF3D7_1306400	k	compared	100.0	393	393	0.0	1.0
Pf7G8-2_000409900	PF3D7_1306800	k	compared	100.0	400	400	0.0	1.0
Pf7G8-2_000410300	PF3D7_1307200	k	compared	100.0	322	322	0.0	1.0
Pf7G8-2_000410600	PF3D7_1307500	k	compared	100.0	88	88	0.0	1.0
Pf7G8-2_000411600	PF3D7_1308500	k	compared	100.0	359	359	0.0	1.0
Pf7G8-2_000412100	PF3D7_1309000	k	compared	100.0	360	360	0.0	1.0
Pf7G8-2_000412600	PF3D7_1309500	k	compared	100.0	209	209	0.0	1.0
Pf7G8-2_000413500	PF3D7_1310300	k	compared	100.0	247	247	0.0	1.0
Pf7G8-2_000413700	PF3D7_1310500	k	compared	100.0	205	205	0.0	1.0
Pf7G8-2_000413900	PF3D7_1310700	k	compared	100.0	145	145	0.0	1.0
Pf7G8-2_000414400	PF3D7_1311200	k	compared	100.0	531	531	0.0	1.0
Pf7G8-2_000414900	PF3D7_1311700	k	compared	100.0	159	159	0.0	1.0
Pf7G8-2_000415800	PF3D7_1312500	k	compared	100.0	65	65	0.0	1.0
Pf7G8-2_000416000	PF3D7_1312700	k	compared	100.0	562	562	0.0	1.0
Pf7G8-2_000417000	PF3D7_1313700	k	compared	100.0	264	264	0.0	1.0
Pf7G8-2_000419100	PF3D7_1315800	k	compared	100.0	414	414	0.0	1.0
Pf7G8-2_000420200	PF3D7_1316900	k	compared	100.0	960	960	0.0	1.0
Pf7G8-2_000420800	PF3D7_1317500	k	compared	100.0	89	89	0.0	1.0
Pf7G8-2_000421000	PF3D7_1317700	k	compared	100.0	157	157	0.0	1.0
Pf7G8-2_000421300	PF3D7_1318000	k	compared	100.0	192	192	0.0	1.0
Pf7G8-2_000421400	PF3D7_1318100	k	compared	100.0	194	194	0.0	1.0
Pf7G8-2_000422100	PF3D7_1318800	k	compared	100.0	651	651	0.0	1.0
Pf7G8-2_000423000	PF3D7_1319700	k	compared	100.0	858	858	0.0	1.0
Pf7G8-2_000423700	PF3D7_1320400	k	compared	100.0	358	358	0.0	1.0
Pf7G8-2_000424800	PF3D7_1321500	j	both_missing		0	0		
Pf7G8-2_000425200	PF3D7_1321900	k	compared	100.0	292	292	0.0	1.0
Pf7G8-2_000425900	PF3D7_1322700	k	compared	100.0	308	308	0.0	1.0
Pf7G8-2_000427500:pseudogene	PF3D7_1324300	j	query_missing		0	10		
Pf7G8-2_000428200	PF3D7_1325000	k	compared	100.0	77	77	0.0	1.0
Pf7G8-2_000428300	PF3D7_1325100	k	compared	100.0	437	437	0.0	1.0
Pf7G8-2_000430200:pseudogene	PF3D7_1327000	o	query_missing		0	33		
Pf7G8-2_000430600	PF3D7_1327400	k	compared	100.0	302	302	0.0	1.0
Pf7G8-2_000430900	PF3D7_1327700	k	compared	100.0	271	271	0.0	1.0
Pf7G8-2_000431600	PF3D7_1328400	k	compared	100.0	495	495	0.0	1.0
Pf7G8-2_000431700	PF3D7_1328500	k	compared	100.0	1005	1005	0.0	1.0
Pf7G8-2_000432000	PF3D7_1328900	k	compared	100.0	397	397	0.0	1.0
Pf7G8-2_000432400	PF3D7_1329300	k	compared	100.0	582	582	0.0	1.0
Pf7G8-2_000432700	PF3D7_1329600	k	compared	100.0	298	298	0.0	1.0
Pf7G8-2_000432800	PF3D7_1329700	k	compared	100.0	529	529	0.0	1.0
Pf7G8-2_000434100:pseudogene	PF3D7_1331100	j	query_missing		0	26		
Pf7G8-2_000434700	PF3D7_1331700	k	compared	100.0	926	926	0.0	1.0
Pf7G8-2_000435300	PF3D7_1332400	k	compared	100.0	857	857	0.0	1.0
Pf7G8-2_000435500	PF3D7_1332600	k	compared	100.0	594	594	0.0	1.0
Pf7G8-2_000435600	PF3D7_1332700	k	compared	100.0	490	490	0.0	1.0
Pf7G8-2_000436200	PF3D7_1333300	k	compared	100.0	211	211	0.0	1.0
Pf7G8-2_000436600	PF3D7_1333700	k	compared	100.0	170	170	0.0	1.0
Pf7G8-2_000436900	PF3D7_1334000	k	compared	100.0	445	445	0.0	1.0
Pf7G8-2_000437200	PF3D7_1334300	k	compared	100.0	453	453	0.0	1.0
Pf7G8-2_000437400	PF3D7_1334500	k	compared	100.0	594	594	0.0	1.0
Pf7G8-2_000437500	PF3D7_1334600	k	compared	100.0	298	298	0.0	1.0
Pf7G8-2_000437600	PF3D7_1334700	k	compared	100.0	202	202	0.0	1.0
Pf7G8-2_000437700	PF3D7_1334800	k	compared	100.0	281	281	0.0	1.0
Pf7G8-2_000437800	PF3D7_1335000	k	compared	100.0	380	380	0.0	1.0
Pf7G8-2_000437900	PF3D7_1335100	k	compared	100.0	351	351	0.0	1.0
Pf7G8-2_000439300	PF3D7_1336700	k	compared	100.0	158	158	0.0	1.0
Pf7G8-2_000440400	PF3D7_1337800	k	compared	100.0	568	568	0.0	1.0
Pf7G8-2_000440800	PF3D7_1338200	k	compared	100.0	221	221	0.0	1.0
Pf7G8-2_000441300	PF3D7_1338700	k	compared	100.0	622	622	0.0	1.0
Pf7G8-2_000442400	PF3D7_1339800	k	compared	100.0	72	72	0.0	1.0
Pf7G8-2_000442700	PF3D7_1340100	k	compared	100.0	278	278	0.0	1.0
Pf7G8-2_000442800	PF3D7_1340200	k	compared	100.0	58	58	0.0	1.0
Pf7G8-2_000443200	PF3D7_1340600	k	compared	100.0	575	575	0.0	1.0
Pf7G8-2_000443300	PF3D7_1340700	k	compared	100.0	93	93	0.0	1.0
Pf7G8-2_000443800	PF3D7_1341200	k	compared	100.0	172	172	0.0	1.0
Pf7G8-2_000444300	PF3D7_1341800	k	compared	100.0	462	462	0.0	1.0
Pf7G8-2_000444500	PF3D7_1342000	k	compared	100.0	306	306	0.0	1.0
Pf7G8-2_000445600	PF3D7_1343100	k	compared	100.0	315	315	0.0	1.0
Pf7G8-2_000445800	PF3D7_1343300	k	compared	100.0	979	979	0.0	1.0
Pf7G8-2_000446200	PF3D7_1343700	k	compared	100.0	726	726	0.0	1.0
Pf7G8-2_000446900	PF3D7_1344400	k	compared	100.0	490	490	0.0	1.0
Pf7G8-2_000447700	PF3D7_1345200	k	compared	100.0	568	568	0.0	1.0
Pf7G8-2_000448200	PF3D7_1345700	k	compared	100.0	468	468	0.0	1.0
Pf7G8-2_000448700	PF3D7_1346200	k	compared	100.0	168	168	0.0	1.0
Pf7G8-2_000449100	PF3D7_1346600	k	compared	100.0	221	221	0.0	1.0
Pf7G8-2_000449200	PF3D7_1346700	k	compared	100.0	448	448	0.0	1.0
Pf7G8-2_000449300	PF3D7_1346800	k	compared	100.0	439	439	0.0	1.0
Pf7G8-2_000449700	PF3D7_1347200	k	compared	100.0	422	422	0.0	1.0
Pf7G8-2_000450000	PF3D7_1347500	k	compared	100.0	193	193	0.0	1.0
Pf7G8-2_000451400	PF3D7_1348900	k	compared	100.0	119	119	0.0	1.0
Pf7G8-2_000453400	PF3D7_1350900	k	compared	100.0	517	517	0.0	1.0
Pf7G8-2_000456600	PF3D7_1354100	k	compared	100.0	356	356	0.0	1.0
Pf7G8-2_000456700	PF3D7_1354200	k	compared	100.0	803	803	0.0	1.0
Pf7G8-2_000457300	PF3D7_1354800	k	compared	100.0	613	613	0.0	1.0
Pf7G8-2_000458200	PF3D7_1355700	k	compared	100.0	1288	1288	0.0	1.0
Pf7G8-2_000458600	PF3D7_1356100	k	compared	100.0	962	962	0.0	1.0
Pf7G8-2_000459100	PF3D7_1356600	k	compared	100.0	480	480	0.0	1.0
Pf7G8-2_000459500	PF3D7_1357100	k	compared	100.0	443	443	0.0	1.0
Pf7G8-2_000460800	PF3D7_1358300	k	compared	100.0	340	340	0.0	1.0
Pf7G8-2_000461200	PF3D7_1358700	k	compared	100.0	153	153	0.0	1.0
Pf7G8-2_000462800	PF3D7_1360300	k	compared	100.0	372	372	0.0	1.0
Pf7G8-2_000464300	PF3D7_1361900	k	compared	100.0	274	274	0.0	1.0
Pf7G8-2_000464600	PF3D7_1362200	k	compared	100.0	483	483	0.0	1.0
Pf7G8-2_000467600	PF3D7_1365300	k	compared	100.0	740	740	0.0	1.0
Pf7G8-2_000467700	PF3D7_1365400	k	compared	100.0	584	584	0.0	1.0
Pf7G8-2_000468700	PF3D7_1366400	k	compared	100.0	1269	1269	0.0	1.0
Pf7G8-2_000468900	PF3D7_1366600	k	compared	100.0	576	576	0.0	1.0
Pf7G8-2_000470900	PF3D7_1368600	k	compared	100.0	92	92	0.0	1.0
Pf7G8-2_000471000	PF3D7_1368700	k	compared	100.0	576	576	0.0	1.0
Pf7G8-2_000471400	PF3D7_1369100	k	compared	100.0	529	529	0.0	1.0
Pf7G8-2_000476500	PF3D7_1401200	j	compared	88.13559322033898	218	226	8.0	0.9646017699115044
Pf7G8-2_000477100	PF3D7_1401800	k	compared	100.0	440	440	0.0	1.0
Pf7G8-2_000477500	PF3D7_1402200	k	compared	100.0	188	188	0.0	1.0
Pf7G8-2_000479600	PF3D7_1404400	k	compared	100.0	181	181	0.0	1.0
Pf7G8-2_000479700	PF3D7_1404500	k	compared	100.0	454	454	0.0	1.0
Pf7G8-2_000480100	PF3D7_1404900	k	compared	100.0	297	297	0.0	1.0
Pf7G8-2_000481500	PF3D7_1406300	k	compared	100.0	475	475	0.0	1.0
Pf7G8-2_000481900	PF3D7_1406700	k	compared	100.0	194	194	0.0	1.0
Pf7G8-2_000482300	PF3D7_1407100	j	compared	98.47094801223241	325	324	1.0	0.9969230769230769
Pf7G8-2_000482500	PF3D7_1407300	k	compared	100.0	690	690	0.0	1.0
Pf7G8-2_000483000	PF3D7_1407800	k	compared	100.0	449	449	0.0	1.0
Pf7G8-2_000483100	PF3D7_1407900	k	compared	100.0	452	452	0.0	1.0
Pf7G8-2_000483200	PF3D7_1408000	k	compared	100.0	453	453	0.0	1.0
Pf7G8-2_000483300	PF3D7_1408100	k	compared	100.0	451	451	0.0	1.0
Pf7G8-2_000483700	PF3D7_1408500	k	compared	100.0	192	192	0.0	1.0
Pf7G8-2_000483800	PF3D7_1408600	k	compared	100.0	218	218	0.0	1.0
Pf7G8-2_000484500	PF3D7_1409300	k	compared	100.0	382	382	0.0	1.0
Pf7G8-2_000485000	PF3D7_1409800	k	compared	100.0	514	514	0.0	1.0
Pf7G8-2_000485100	PF3D7_1409900	k	compared	100.0	667	667	0.0	1.0
Pf7G8-2_000485400	PF3D7_1410200	k	compared	100.0	852	852	0.0	1.0
Pf7G8-2_000485600	PF3D7_1410400	k	compared	100.0	782	782	0.0	1.0
Pf7G8-2_000485800	PF3D7_1410600	k	compared	100.0	465	465	0.0	1.0
Pf7G8-2_000487100	PF3D7_1411900	k	compared	100.0	327	327	0.0	1.0
Pf7G8-2_000487200	PF3D7_1412000	k	compared	100.0	320	320	0.0	1.0
Pf7G8-2_000487700	PF3D7_1412500	k	compared	100.0	376	376	0.0	1.0
Pf7G8-2_000488900	PF3D7_1413800	k	compared	100.0	487	487	0.0	1.0
Pf7G8-2_000489100	PF3D7_1414100	k	compared	100.0	730	730	0.0	1.0
Pf7G8-2_000489300	PF3D7_1414300	k	compared	100.0	219	219	0.0	1.0
Pf7G8-2_000490300	PF3D7_1415300	k	compared	100.0	337	337	0.0	1.0
Pf7G8-2_000490800	PF3D7_1415800	k	compared	100.0	381	381	0.0	1.0
Pf7G8-2_000492100	PF3D7_1417100	k	compared	100.0	273	273	0.0	1.0
Pf7G8-2_000493300	PF3D7_1418300	k	compared	100.0	136	136	0.0	1.0
Pf7G8-2_000494700	PF3D7_1419700	k	compared	100.0	505	505	0.0	1.0
Pf7G8-2_000495300	PF3D7_1420300	k	compared	100.0	291	291	0.0	1.0
Pf7G8-2_000497800	PF3D7_1422900	k	compared	100.0	425	425	0.0	1.0
Pf7G8-2_000498000	PF3D7_1423100	k	compared	100.0	594	594	0.0	1.0
Pf7G8-2_000498100:pseudogene	PF3D7_1423200	j	query_missing		0	461		
Pf7G8-2_000498900	PF3D7_1424400	k	compared	100.0	283	283	0.0	1.0
Pf7G8-2_000499600	PF3D7_1425800	k	compared	100.0	966	966	0.0	1.0
Pf7G8-2_000501300	PF3D7_1427500	k	compared	100.0	811	811	0.0	1.0
Pf7G8-2_000501400	PF3D7_1427600	k	compared	100.0	478	478	0.0	1.0
Pf7G8-2_000501700	PF3D7_1427900	k	compared	100.0	281	281	0.0	1.0
Pf7G8-2_000502000	PF3D7_1428200	k	compared	100.0	808	808	0.0	1.0
Pf7G8-2_000502300:pseudogene	PF3D7_1428500	j	query_missing		0	2357		
Pf7G8-2_000502900	PF3D7_1429100	k	compared	100.0	545	545	0.0	1.0
Pf7G8-2_000503400	PF3D7_1429600	k	compared	100.0	219	219	0.0	1.0
Pf7G8-2_000504200	PF3D7_1430400	k	compared	100.0	886	886	0.0	1.0
Pf7G8-2_000504600	PF3D7_1430800	k	compared	100.0	265	265	0.0	1.0
Pf7G8-2_000504900	PF3D7_1431100	k	compared	100.0	347	347	0.0	1.0
Pf7G8-2_000505400	PF3D7_1431600	k	compared	100.0	462	462	0.0	1.0
Pf7G8-2_000506300:pseudogene	PF3D7_1432500	o	query_missing		0	444		
Pf7G8-2_000507900	PF3D7_1434100	k	compared	100.0	407	407	0.0	1.0
Pf7G8-2_000508100	PF3D7_1434300	k	compared	100.0	564	564	0.0	1.0
Pf7G8-2_000508400	PF3D7_1434600	k	compared	100.0	638	638	0.0	1.0
Pf7G8-2_000508600	PF3D7_1434800	k	compared	100.0	252	252	0.0	1.0
Pf7G8-2_000508800	PF3D7_1435000	k	compared	100.0	430	430	0.0	1.0
Pf7G8-2_000509300	PF3D7_1435500	k	compared	100.0	254	254	0.0	1.0
Pf7G8-2_000509800	PF3D7_1436000	k	compared	100.0	579	579	0.0	1.0
Pf7G8-2_000509900	PF3D7_1436100	k	compared	100.0	1950	1950	0.0	1.0
Pf7G8-2_000510100	PF3D7_1436300	k	compared	100.0	999	999	0.0	1.0
Pf7G8-2_000510800	PF3D7_1437000	n	compared	91.500904159132	517	542	25.0	0.9538745387453874
Pf7G8-2_000512400	PF3D7_1438600	k	compared	100.0	277	277	0.0	1.0
Pf7G8-2_000512700	PF3D7_1438900	k	compared	100.0	195	195	0.0	1.0
Pf7G8-2_000512900:pseudogene	PF3D7_1439100	o	query_missing		0	2476		
Pf7G8-2_000513300	PF3D7_1439500	k	compared	100.0	1067	1067	0.0	1.0
Pf7G8-2_000514100	PF3D7_1440200	j	compared	96.53401797175867	1504	1558	54.0	0.9653401797175867
Pf7G8-2_000514300	PF3D7_1440500	k	compared	100.0	553	553	0.0	1.0
Pf7G8-2_000515200	PF3D7_1441400	k	compared	100.0	506	506	0.0	1.0
Pf7G8-2_000515700	PF3D7_1441900	k	compared	100.0	67	67	0.0	1.0
Pf7G8-2_000518700	PF3D7_1444900	k	compared	100.0	172	172	0.0	1.0
Pf7G8-2_000519300	PF3D7_1445500	k	compared	100.0	149	149	0.0	1.0
Pf7G8-2_000521900	PF3D7_1448100	k	compared	100.0	195	195	0.0	1.0
Pf7G8-2_000522500	PF3D7_1448700	k	compared	100.0	336	336	0.0	1.0
Pf7G8-2_000523000	PF3D7_1449200	k	compared	100.0	85	85	0.0	1.0
Pf7G8-2_000523100	PF3D7_1449300	k	compared	100.0	683	683	0.0	1.0
Pf7G8-2_000523300:pseudogene	PF3D7_1449500	k	query_missing		0	717		
Pf7G8-2_000523600	PF3D7_1449800	k	compared	100.0	177	177	0.0	1.0
Pf7G8-2_000524900	PF3D7_1451100	k	compared	100.0	832	832	0.0	1.0
Pf7G8-2_000526200	PF3D7_1452400	k	compared	100.0	905	905	0.0	1.0
Pf7G8-2_000527700	PF3D7_1453900	k	compared	100.0	959	959	0.0	1.0
Pf7G8-2_000527800	PF3D7_1454000	k	compared	100.0	511	511	0.0	1.0
Pf7G8-2_000528100	PF3D7_1454300	k	compared	100.0	765	765	0.0	1.0
Pf7G8-2_000528200	PF3D7_1454400	k	compared	100.0	778	778	0.0	1.0
Pf7G8-2_000528300	PF3D7_1454500	k	compared	100.0	162	162	0.0	1.0
Pf7G8-2_000528500	PF3D7_1454700	k	compared	100.0	468	468	0.0	1.0
Pf7G8-2_000529100	PF3D7_1455300	k	compared	100.0	610	610	0.0	1.0
Pf7G8-2_000530900	PF3D7_1457100	k	compared	100.0	747	747	0.0	1.0
Pf7G8-2_000531800	PF3D7_1458000	k	compared	100.0	569	569	0.0	1.0
Pf7G8-2_000531900	PF3D7_1458100	k	compared	100.0	58	58	0.0	1.0
Pf7G8-2_000532800	PF3D7_1459000	k	compared	100.0	741	741	0.0	1.0
Pf7G8-2_000533100	PF3D7_1459300	k	compared	100.0	189	189	0.0	1.0
Pf7G8-2_000533800	PF3D7_1460000	k	compared	100.0	295	295	0.0	1.0
Pf7G8-2_000533900	PF3D7_1460100	k	compared	100.0	325	325	0.0	1.0
Pf7G8-2_000534300	PF3D7_1460500	k	compared	100.0	1616	1616	0.0	1.0
Pf7G8-2_000534400	PF3D7_1460600	k	compared	100.0	148	148	0.0	1.0
Pf7G8-2_000535000	PF3D7_1461200	k	compared	100.0	183	183	0.0	1.0
Pf7G8-2_000535100	PF3D7_1461300	k	compared	100.0	67	67	0.0	1.0
Pf7G8-2_000536000	PF3D7_1462200	k	compared	100.0	73	73	0.0	1.0
Pf7G8-2_000537100	PF3D7_1463400	k	compared	100.0	336	336	0.0	1.0
Pf7G8-2_000537400	PF3D7_1463700	k	compared	100.0	326	326	0.0	1.0
Pf7G8-2_000538700	PF3D7_1465000	k	compared	100.0	278	278	0.0	1.0
Pf7G8-2_000540500	PF3D7_1466800	k	compared	100.0	902	902	0.0	1.0
Pf7G8-2_000541000	PF3D7_1467300	k	compared	100.0	488	488	0.0	1.0
Pf7G8-2_000541900	PF3D7_1468200	k	compared	100.0	228	228	0.0	1.0
Pf7G8-2_000542300:pseudogene	PF3D7_1468600	o	query_missing		0	1999		
Pf7G8-2_000542400	PF3D7_1468700	k	compared	100.0	398	398	0.0	1.0
Pf7G8-2_000542800	PF3D7_1469100	k	compared	100.0	260	260	0.0	1.0
Pf7G8-2_000543100	PF3D7_1469400	k	compared	100.0	437	437	0.0	1.0
Pf7G8-2_000543400	PF3D7_1469700	k	compared	100.0	205	205	0.0	1.0
Pf7G8-2_000543900	PF3D7_1470300	k	compared	100.0	148	148	0.0	1.0
Pf7G8-2_000544300	PF3D7_1470700	k	compared	100.0	580	580	0.0	1.0
Pf7G8-2_000544600	PF3D7_1471000	k	compared	100.0	467	467	0.0	1.0
Pf7G8-2_000545400	PF3D7_1471800	k	compared	100.0	254	254	0.0	1.0
Pf7G8-2_000546500	PF3D7_1472900	k	compared	100.0	358	358	0.0	1.0
Pf7G8-2_000546800	PF3D7_1473200	k	compared	100.0	454	454	0.0	1.0
Pf7G8-2_000547000	PF3D7_1473400	k	compared	100.0	881	881	0.0	1.0
Pf7G8-2_000547400	PF3D7_1473900	k	compared	100.0	855	855	0.0	1.0
Pf7G8-2_000547900:pseudogene	PF3D7_1474400	j	query_missing		0	2995		
Pf7G8-2_000548400	PF3D7_1474900	k	compared	100.0	326	326	0.0	1.0
Pf7G8-2_000548800	PF3D7_1475300	k	compared	100.0	228	228	0.0	1.0
Pf7G8-2_000549700:pseudogene	PF3D7_1476200	o	query_missing		0	514		
Pf7G8-2_000551100	PF3D7_1477700	k	compared	100.0	291	291	0.0	1.0
Pf7G8-2_000551200	PF3D7_1477800	k	compared	100.0	90	90	0.0	1.0
Pf7G8-2_000475200:pseudogene	PF3D7_0222500	k	query_missing		0	293		
Pf7G8-2_000475700:pseudogene	PF3D7_0632300	k	query_missing		0	333		
Pf7G8-2_000475800:pseudogene	PF3D7_0200600	k	query_missing		0	352		
Pf7G8-2_000476700	PF3D7_1401400	k	compared	100.0	107	107	0.0	1.0
Pf7G8-2_000476800	PF3D7_1401500	k	compared	100.0	373	373	0.0	1.0
Pf7G8-2_000476900	PF3D7_1401600	k	compared	100.0	414	414	0.0	1.0
Pf7G8-2_000477600	PF3D7_1402300	k	compared	100.0	657	657	0.0	1.0
Pf7G8-2_000479100	PF3D7_1403900	k	compared	100.0	298	298	0.0	1.0
Pf7G8-2_000479900	PF3D7_1404700	k	compared	100.0	290	290	0.0	1.0
Pf7G8-2_000480000	PF3D7_1404800	k	compared	100.0	952	952	0.0	1.0
Pf7G8-2_000480800	PF3D7_1405600	k	compared	100.0	349	349	0.0	1.0
Pf7G8-2_000480900	PF3D7_1405700	k	compared	100.0	707	707	0.0	1.0
Pf7G8-2_000482600	PF3D7_1407400	k	compared	100.0	194	194	0.0	1.0
Pf7G8-2_000483900:pseudogene	PF3D7_1408700	o	query_missing		0	17		
Pf7G8-2_000484100	PF3D7_1408900	k	compared	100.0	340	340	0.0	1.0
Pf7G8-2_000485200	PF3D7_1410000	k	compared	100.0	292	292	0.0	1.0
Pf7G8-2_000485500	PF3D7_1410300	m	compared	100.0	79	79	0.0	1.0
Pf7G8-2_000487000	PF3D7_1411800	k	compared	100.0	472	472	0.0	1.0
-	PF3D7_1413300	u	both_missing		0	0		
Pf7G8-2_000488600	PF3D7_1413500	k	compared	100.0	347	347	0.0	1.0
Pf7G8-2_000488800	PF3D7_1413700	j	both_missing		0	0		
Pf7G8-2_000489000	PF3D7_1414000	x	compared	6.020942408376963	381	24	357.0	0.06299212598425197
Pf7G8-2_000489200	PF3D7_1414200	k	compared	100.0	408	408	0.0	1.0
Pf7G8-2_000490500:pseudogene	PF3D7_1415500	j	query_missing		0	34		
Pf7G8-2_000490700	PF3D7_1415700	k	compared	100.0	572	572	0.0	1.0
Pf7G8-2_000491200	PF3D7_1416200	k	compared	100.0	2262	2262	0.0	1.0
Pf7G8-2_000492500	PF3D7_1417500	k	compared	100.0	466	466	0.0	1.0
Pf7G8-2_000494500	PF3D7_1419500	k	compared	100.0	211	211	0.0	1.0
Pf7G8-2_000496200	PF3D7_1421200	j	compared	100.0	80	80	0.0	1.0
Pf7G8-2_000496800	PF3D7_1421900	k	compared	100.0	160	160	0.0	1.0
Pf7G8-2_000497000	PF3D7_1422100	k	compared	100.0	380	380	0.0	1.0
Pf7G8-2_000497100	PF3D7_1422200	k	compared	100.0	311	311	0.0	1.0
Pf7G8-2_000497200	PF3D7_1422300	k	compared	100.0	363	363	0.0	1.0
Pf7G8-2_000497900	PF3D7_1423000	k	compared	100.0	487	487	0.0	1.0
Pf7G8-2_000498400	PF3D7_1423500	j	both_missing		0	0		
Pf7G8-2_000498600	PF3D7_1423700	k	compared	100.0	1564	1564	0.0	1.0
Pf7G8-2_000499000	PF3D7_1425200	k	compared	100.0	406	406	0.0	1.0
Pf7G8-2_000499100	PF3D7_1425300	k	compared	100.0	24	24	0.0	1.0
Pf7G8-2_000499800	PF3D7_1426000	k	compared	100.0	161	161	0.0	1.0
Pf7G8-2_000499900	PF3D7_1426100	k	compared	100.0	171	171	0.0	1.0
Pf7G8-2_000500000	PF3D7_1426200	k	compared	100.0	401	401	0.0	1.0
Pf7G8-2_000500500	PF3D7_1426700	k	compared	100.0	1148	1148	0.0	1.0
Pf7G8-2_000500700	PF3D7_1426900	k	compared	100.0	88	88	0.0	1.0
Pf7G8-2_000501500	PF3D7_1427700	k	compared	100.0	63	63	0.0	1.0
Pf7G8-2_000501600	PF3D7_1427800	k	compared	100.0	246	246	0.0	1.0
Pf7G8-2_000502200	PF3D7_1428400	j	both_missing		0	0		
Pf7G8-2_000502500	PF3D7_1428700	k	compared	100.0	425	425	0.0	1.0
Pf7G8-2_000503500	PF3D7_1429700	k	compared	100.0	366	366	0.0	1.0
Pf7G8-2_000504700	PF3D7_1430900	k	compared	100.0	172	172	0.0	1.0
Pf7G8-2_000505800	PF3D7_1432000	k	compared	100.0	437	437	0.0	1.0
Pf7G8-2_000506200:pseudogene	PF3D7_1432400	j	query_missing		0	20		
Pf7G8-2_000508500	PF3D7_1434700	k	compared	100.0	162	162	0.0	1.0
Pf7G8-2_000509200	PF3D7_1435400	k	compared	100.0	190	190	0.0	1.0
Pf7G8-2_000509700	PF3D7_1435900	k	compared	100.0	313	313	0.0	1.0
Pf7G8-2_000510600	PF3D7_1436800	k	compared	100.0	244	244	0.0	1.0
Pf7G8-2_000511600	PF3D7_1437800	k	compared	100.0	184	184	0.0	1.0
Pf7G8-2_000511800	PF3D7_1438000	k	compared	100.0	661	661	0.0	1.0
Pf7G8-2_000512300	PF3D7_1438500	k	compared	100.0	876	876	0.0	1.0
Pf7G8-2_000513200	PF3D7_1439400	k	compared	100.0	355	355	0.0	1.0
Pf7G8-2_000513400	PF3D7_1439600	k	compared	100.0	180	180	0.0	1.0
Pf7G8-2_000514200:pseudogene	PF3D7_1440400	o	query_missing		0	82		
Pf7G8-2_000514500	PF3D7_1440700	k	compared	100.0	733	733	0.0	1.0
Pf7G8-2_000514800	PF3D7_1441000	k	compared	100.0	556	556	0.0	1.0
Pf7G8-2_000514900	PF3D7_1441100	k	compared	100.0	227	227	0.0	1.0
Pf7G8-2_000515400	PF3D7_1441600	k	compared	100.0	569	569	0.0	1.0
Pf7G8-2_000516900	PF3D7_1443100	k	compared	100.0	574	574	0.0	1.0
Pf7G8-2_000517300	PF3D7_1443500	k	compared	100.0	862	862	0.0	1.0
Pf7G8-2_000517600	PF3D7_1443800	k	compared	100.0	408	408	0.0	1.0
Pf7G8-2_000520000	PF3D7_1446200	k	compared	100.0	604	604	0.0	1.0
Pf7G8-2_000520200	PF3D7_1446400	k	compared	100.0	415	415	0.0	1.0
Pf7G8-2_000521500	PF3D7_1447700	k	compared	100.0	342	342	0.0	1.0
Pf7G8-2_000521700	PF3D7_1447900	k	compared	100.0	1024	1024	0.0	1.0
Pf7G8-2_000522100	PF3D7_1448300	k	compared	100.0	1631	1631	0.0	1.0
Pf7G8-2_000522300	PF3D7_1448500	k	compared	100.0	41	41	0.0	1.0
Pf7G8-2_000522400	PF3D7_1448600	k	compared	100.0	253	253	0.0	1.0
Pf7G8-2_000523500	PF3D7_1449700	k	compared	100.0	1136	1136	0.0	1.0
Pf7G8-2_000523900	PF3D7_1450100	k	compared	100.0	500	500	0.0	1.0
Pf7G8-2_000524300:pseudogene	PF3D7_1450500	o	query_missing		0	14		
Pf7G8-2_000525300	PF3D7_1451500	k	compared	100.0	147	147	0.0	1.0
Pf7G8-2_000525700	PF3D7_1451900	k	compared	100.0	1027	1027	0.0	1.0
Pf7G8-2_000526100	PF3D7_1452300	k	compared	100.0	354	354	0.0	1.0
Pf7G8-2_000526700	PF3D7_1452900	k	compared	100.0	228	228	0.0	1.0
Pf7G8-2_000527600	PF3D7_1453800	k	compared	100.0	910	910	0.0	1.0
Pf7G8-2_000528400	PF3D7_1454600	k	compared	100.0	229	229	0.0	1.0
Pf7G8-2_000528700	PF3D7_1454900	k	compared	100.0	154	154	0.0	1.0
Pf7G8-2_000528800	PF3D7_1455000	k	compared	100.0	222	222	0.0	1.0
Pf7G8-2_000529700:pseudogene	PF3D7_1455900	o	both_missing		0	0		
Pf7G8-2_000530100	PF3D7_1456300	k	compared	100.0	415	415	0.0	1.0
Pf7G8-2_000530500	PF3D7_1456700	k	compared	100.0	688	688	0.0	1.0
Pf7G8-2_000530600	PF3D7_1456800	k	compared	100.0	717	717	0.0	1.0
Pf7G8-2_000531100	PF3D7_1457300	k	compared	100.0	639	639	0.0	1.0
Pf7G8-2_000531300	PF3D7_1457500	k	compared	100.0	419	419	0.0	1.0
Pf7G8-2_000531600	PF3D7_1457800	k	ref_missing		503	0		
Pf7G8-2_000532200	PF3D7_1458400	k	compared	100.0	316	316	0.0	1.0
Pf7G8-2_000532500	PF3D7_1458700	k	compared	100.0	353	353	0.0	1.0
Pf7G8-2_000532600	PF3D7_1458800	k	compared	100.0	866	866	0.0	1.0
Pf7G8-2_000533200	PF3D7_1459400	k	compared	100.0	340	340	0.0	1.0
Pf7G8-2_000533700	PF3D7_1459900	k	compared	100.0	193	193	0.0	1.0
Pf7G8-2_000536800	PF3D7_1463000	k	compared	100.0	308	308	0.0	1.0
Pf7G8-2_000537500	PF3D7_1463800	k	compared	100.0	120	120	0.0	1.0
Pf7G8-2_000538100	PF3D7_1464400	j	compared	100.0	11	11	0.0	1.0
Pf7G8-2_000538400	PF3D7_1464700	k	compared	100.0	382	382	0.0	1.0
Pf7G8-2_000538600	PF3D7_1464900	k	compared	100.0	706	706	0.0	1.0
Pf7G8-2_000538900	PF3D7_1465200	k	compared	100.0	376	376	0.0	1.0
Pf7G8-2_000540100	PF3D7_1466400	k	compared	100.0	813	813	0.0	1.0
Pf7G8-2_000540800	PF3D7_1467100	k	compared	100.0	507	507	0.0	1.0
Pf7G8-2_000541100	PF3D7_1467400	k	compared	100.0	294	294	0.0	1.0
Pf7G8-2_000542500	PF3D7_1468800	k	compared	100.0	833	833	0.0	1.0
Pf7G8-2_000542700	PF3D7_1469000	k	compared	100.0	182	182	0.0	1.0
Pf7G8-2_000542900	PF3D7_1469200	k	compared	100.0	358	358	0.0	1.0
Pf7G8-2_000543000	PF3D7_1469300	k	compared	100.0	262	262	0.0	1.0
Pf7G8-2_000543800	PF3D7_1470200	x	ref_missing		2455	0		
-	PF3D7_1470950	u	query_missing		0	91		
Pf7G8-2_000545700	PF3D7_1472100	j	query_missing		0	28		
Pf7G8-2_000547100	PF3D7_1473500	k	compared	100.0	674	674	0.0	1.0
Pf7G8-2_000547200	PF3D7_1473600	k	compared	100.0	114	114	0.0	1.0
Pf7G8-2_000547300	PF3D7_1473700	k	compared	100.0	1258	1258	0.0	1.0
Pf7G8-2_000547500	PF3D7_1474000	k	compared	100.0	2113	2113	0.0	1.0
Pf7G8-2_000548000	PF3D7_1474500	k	compared	100.0	701	701	0.0	1.0
Pf7G8-2_000549100	PF3D7_1475600	k	compared	100.0	728	728	0.0	1.0
